项目,文件名,日期,时长秒,分辨率,功能位,画质等级,描述,画面元素,镜头特征,工序阶段,脱敏风险,置信度
化工群,lQbPKHuxL2SHWsMAALBcSNAbrLxH8QpHCJBEVKMA.mp4,260806,5.3,544x960,过程证据,仅可内嵌,回转窑检修,火花、刀具、筒体、轮带,中景、固定机位,加工,无,高
化工群,lQbPJwysA_jqRcMAALBvZRrm07-iFgpHCIw5o4sA.mp4,260806,8.6,544x960,过程证据,仅可内嵌,回转窑筒体磨削,刀具、筒体、加工纹面,大特写,加工,无,高
化工群,lQbPKH5A7jITUy8AALCJsCw33UbE_gosAE2GskIA.mp4,260716,10.2,720x1280,不可用,可全屏,,无,,无法判断,无,
化工群,lQbPKejN9I4xUGMAALDFYM3udvJUDgompKgpk4wA.mp4,260712,7.5,544x960,过程证据,仅可内嵌,工业车削作业,刀具、切屑、轮带、筒体、加工纹面、磨损面,大特写、固定机位,加工,无,高
化工群,lQbPKGbWc3IiU4cAALA0sqNGJJMJSApU9cOvUO0A.mp4,260817,7.0,544x960,过程证据,仅可内嵌,回转窑维修,刀具、轮带、切屑、加工纹面、磨损面,固定机位、大特写,加工,无,高
化工群,lQbPJwlALCfWmcMAALCYpe-ag_0tXQpHCI9uqC8A.mp4,260806,15.5,544x960,关键细节,仅可内嵌,钢铁行业维护,筒体、轮带,固定机位、大特写,加工,无,高
化工群,lQbPJv80Hyeu9J8AALA8iTd8ujT3UApRWnA6TUcA.mp4,260814,8.4,720x1280,过程证据,仅可内嵌,工人切割钢板,火花、人员、刀具,固定机位,加工,无,高
化工群,lQbPJx8-2oeE728AALB9Qx9R8dPahwpTtIWD-XkA.mp4,260816,14.1,544x960,不可用,仅可内嵌,,无,,无法判断,无,
化工群,lQbPKIFFF3eq0McAALDMHlI9Z2dq8gpU9e1AYMAA.mp4,260817,3.9,544x960,过程证据,仅可内嵌,工业维修现场,量具、人员、轮带、筒体,中景、固定机位,加工,人脸,高
化工群,lQbPKGQ1bNiAlGMAALA1zmMrT6ZjoAompKqJR6QA.mp4,260712,12.7,544x960,加工证据,可全屏,现场检修作业,刀具、切屑、加工纹面、磨损面、筒体,大特写、手持抖动,加工,无,高
化工群,lQbPKHBAnKunRE8AALD54Wxz_XV1AwpK6vfJ9MQA.mp4,260809,9.7,544x960,过程证据,仅可内嵌,工人在检修,人员、轮带、托轮、筒体,中景、固定机位,加工,人脸,高
化工群,lQbPJx6IC6GPmK8AALC8WmjYQB58JAo3mwDONN4A.mp4,260725,7.4,720x1280,过程证据,可全屏,回转窑检修,筒体,固定机位、中景,加工,无,高
化工群,lQbPJxYciv5TY7MAALDxP1IGIgjiugokVaOfMkAA.mp4,260710,13.5,720x1280,不可用,可全屏,,无,,无法判断,无,
化工群,lQbPJx-Jbs55isMAALABRTTncnli6gpHCJF2S5MA.mp4,260806,8.0,544x960,过程证据,仅可内嵌,回转窑在线磨削,筒体、轮带、加工纹面,中景、固定机位,加工,无,高
化工群,lQbPJxD2r3JwVz8AALAvhzuWj1Ju4gpNic8UGQcA.mp4,260811,4.6,720x1280,关键细节,可全屏,回转窑在线修磨,刀具、轮带、加工纹面、磨损面,中景、固定机位,加工,无,高
化工群,lQbPJyD-U0b9psMAALBjz73VNQl7fgpHCI1hD6wA.mp4,260806,8.0,544x960,过程证据,仅可内嵌,回转窑磨削,刀具、量具、筒体、加工纹面,中景、固定机位,加工,无,高
化工群,lQbPJw2WqlVvpF8AALDROGbN5KoIYwpNRjwQfgAA.mp4,260811,12.9,544x960,过程证据,仅可内嵌,维修工业现场,人员、筒体、文字牌,中景、手持抖动,加工,客户名称,高
化工群,lQbPJxY30_lDt0cAALCUyL_j5GK0VQpOwrSViFcA.mp4,260812,16.8,544x960,过程证据,仅可内嵌,工人操作锤子,人员、筒体,中景、手持抖动,加工,人脸,高
化工群,lQbPJwGMY1k-G3MAALCd519G8ZnKdwo-HGZ5wWUA.mp4,260730,17.5,1280x720,过程证据,仅可内嵌,工业现场演示,火花、刀具、人员、筒体、切屑,中景、固定机位,加工,人脸,高
安装检修群,安装检修_托轮接触面_260422_02.mp4,260422,11.5,544x960,不可用,,托轮接触面,无,,无法判断,无,高
安装检修群,安装检修_轮带在线车削_260520_01.mp4,260520,30.5,544x960,过程证据,,轮带在线车削,筒体,,无法判断,客户名称,高
安装检修群,安装检修_轮带旋转检视_260420_01.mp4,260420,12.2,544x960,环境铺垫,,轮带旋转检视,厂区,,无法判断,客户名称、人脸,高
安装检修群,安装检修_轮带车削_260518_02.mp4,260518,15.2,544x960,不可用,,轮带车削,无,,无法判断,无,高
安装检修群,安装检修_轮带车削亮面_260517_01.mp4,260517,22.8,544x960,不可用,,轮带车削亮面,无,,无法判断,无,高
安装检修群,安装检修_切削火花特写_260528_04.mp4,260528,11.5,544x960,不可用,,切削火花特写,无,,无法判断,无,高
安装检修群,安装检修_厂门LED屏_260501_01.mp4,260501,17.9,720x1280,不可用,可全屏,厂门LED屏,无,,无法判断,无,高
安装检修群,安装检修_轮带表面纹路_260420_02.mp4,260420,13.1,544x960,环境铺垫,,轮带表面纹路,厂区,,无法判断,客户名称、人脸,高
安装检修群,安装检修_开工班前会_260608_01.mp4,260608,13.8,960x544,过程证据,,开工班前会,筒体,,无法判断,无,高
安装检修群,安装检修_人员吊装作业_260508_01.mp4,260508,7.4,720x1280,不可用,,人员吊装作业,无,,无法判断,无,高
安装检修群,安装检修_轮带挡块检视_260419_01.mp4,260419,28.5,720x1280,过程证据,仅可内嵌,轮带挡块检视,量具、筒体、加工纹面,中景、手持抖动,复检,无,高
安装检修群,安装检修_车后光面_260528_03.mp4,260528,10.4,544x960,不可用,,车后光面,无,,无法判断,无,高
安装检修群,安装检修_百分表复检_260530_02.mp4,260530,46.1,960x544,关键细节,,百分表复检,轮带、磨损面,,加工,无,高
安装检修群,安装检修_车削机上机_260517_02.mp4,260517,26.7,544x960,不可用,,车削机上机,无,,无法判断,无,高
安装检修群,安装检修_车削带屑加工_260517_03.mp4,260517,29.8,544x960,不可用,,车削带屑加工,无,,无法判断,无,高
安装检修群,安装检修_轮带磨损面_260418_01.mp4,260418,47.7,544x960,环境铺垫,仅可内嵌,轮带磨损面,植被、地面、墙壁,中景、固定机位,无法判断,无,高
安装检修群,安装检修_跳动读数记录_260530_03.mp4,260530,44.2,544x960,关键细节,,跳动读数记录,轮带、磨损面,,加工,无,高
安装检修群,安装检修_车削装置架设_260528_01.mp4,260528,13.4,544x960,不可用,,车削装置架设,无,,无法判断,无,高
安装检修群,安装检修_轮带整周纹面_260422_01.mp4,260422,11.2,544x960,不可用,,轮带整周纹面,无,,无法判断,无,高
安装检修群,安装检修_轮带侧面全貌_260419_02.mp4,260419,12.5,544x960,不可用,,轮带侧面全貌,无,,无法判断,无,高
安装检修群,安装检修_气瓶存放区_260324_01.mp4,260324,52.3,544x960,环境铺垫,仅可内嵌,气瓶存放区,人员、吊装、厂区、轮带、筒体,中景、手持抖动,无法判断,无,高
安装检修群,安装检修_轮带终检特写_260519_01.mp4,260519,13.5,544x960,不可用,,轮带终检特写,无,,无法判断,无,高
安装检修群,安装检修_直尺量隙_260303_01.mp4,260303,16.2,544x960,不可用,,直尺量隙,无,,无法判断,无,高
安装检修群,安装检修_厂门显示屏_260422_03.mp4,260422,6.0,544x960,不可用,,厂门显示屏,无,,无法判断,无,高
安装检修群,安装检修_人员进场行进_260514_01.mp4,260514,14.9,544x960,过程证据,仅可内嵌,人员进场行进,人员、齿轮,中景、手持抖动,加工,无,高
安装检修群,安装检修_轮带原始状态_260418_02.mp4,260418,11.6,544x960,关键细节,,轮带原始状态,轮带、磨损面,,加工,人脸,高
安装检修群,安装检修_百分表测跳动_260530_01.mp4,260530,26.0,544x960,关键细节,,百分表测跳动,轮带、磨损面,,加工,无,高
安装检修群,安装检修_轮带成品面_260518_01.mp4,260518,27.6,544x960,不可用,,轮带成品面,无,,无法判断,无,高
安装检修群,安装检修_轮带车削特写_260528_02.mp4,260528,7.2,544x960,不可用,,轮带车削特写,无,,无法判断,无,高
焊接群,lQbPKdyfTFpBTdEAALA_bg-ylfeDMQnPH-KlWI4A.mp4,260505,29.2,720x1280,过程证据,仅可内嵌,回转窑在线车磨削,筒体、轮带、量具、人员,中景、固定机位,加工,无,高
焊接群,lQbPJwJTkR56-REAALAW5KX5Eq4QzgnPDEIYxewA.mp4,260505,6.9,720x1280,过程证据,仅可内嵌,工人在维修,人员、筒体、磨损面,中景、手持抖动,加工,人脸,高
焊接群,lQbPJxNXIyuGDvEAALDhPOeR4NpXfwnPVaD8SUcA.mp4,260505,20.4,720x1280,过程证据,仅可内嵌,工人焊接操作,火花、人员、筒体、焊接,逆光、手持抖动,焊接,人脸,高
焊接群,lQbPJwfEAPOnh30AALBSU0iG2iWueQnQojJ9TcYA.mp4,260506,8.8,720x1280,环境铺垫,仅可内嵌,司机驾驶车辆,人员、车辆,中景、手持抖动,无法判断,人脸,高
焊接群,lQbPKG-4L_ZCvF8AALC_WqFrYfTi1gpKwK7BHUgA.mp4,260809,18.6,720x1280,关键细节,仅可内嵌,回转窑车磨削,筒体、刀具、加工纹面、磨损面,中景、固定机位,加工,无,高
焊接群,lQbPJwjT8S6nCW8AALC4Rl9HlDq_1gpK12Oaw3IA.mp4,260809,18.4,720x1280,关键细节,可全屏,回转窑车磨,刀具、量具、轮带、筒体、加工纹面、磨损面,固定机位,加工,无,高
焊接群,lQbPJw3xnW5L0DEAALBtdsGzl3gIRgnPAK4PEjYA.mp4,260505,8.7,720x1280,不可用,可全屏,,无,,无法判断,无,
焊接群,lQbPKHo0G10sI-8AALAOUrcJ6fGSsApK7qUk-gcA.mp4,260809,18.7,720x1280,不可用,可全屏,,无,,无法判断,无,
焊接群,lQbPJv_M6odak-8AALBDgaJHOHNnQApK7tnSlswA.mp4,260809,8.5,720x1280,过程证据,可全屏,现场操作画面,刀具、量具、轮带、筒体,中景、固定机位,加工,无,高
焊接群,lQbPKGlvSotvzqEAALD_tvNE5CKnLgnPMjQisBgA.mp4,260505,23.0,720x1280,过程证据,仅可内嵌,回转窑检修,火花、人员、焊接、筒体,中景、手持抖动,焊接,无,高
焊接群,lQbPKGc7Z8C1ys8AALBBGKponmS6TQpNYQ9FQ6YA.mp4,260811,14.5,720x1280,不可用,可全屏,,无,,无法判断,无,
焊接群,lQbPJxyT0uQfMa8AALArULDvH339VwpK7kQhUM0A.mp4,260809,10.3,720x1280,过程证据,可全屏,回转窑加工,刀具、量具、轮带、筒体、切屑、加工纹面,中景、固定机位,加工,无,高
化工群,lQbPJwxFPhTVm_cAALAN3TkhxTNzMgpVMAH6a50A.mp4,260817,30.2,544x960,环境铺垫,可全屏,工地挖掘施工,车辆、挖掘机、土方,中景,无法判断,车牌,高
化工群,lQbPJw-dE7Z6K68AALB8ObBwUc7IKQpTpACqH_MA.mp4,260816,20.2,720x1280,不可用,仅可内嵌,建筑工地现场,建筑，挖掘机，卡车，建筑材料，土方,全景,无法判断,无,高
化工群,lQbPJwwXxL0W4ecAALDRdCST5iGc_wpU-GuiAcEA.mp4,260817,29.4,544x960,环境铺垫,仅可内嵌,工地施工场景,人员、厂区、车辆,全景、固定机位,无法判断,无,高
化工群,lQbPJx3kVjZfhY8AALAfJ_MitAcq_QpTqQItqacA.mp4,260816,59.9,720x1280,环境铺垫,仅可内嵌,挖土施工,人员、厂区、车辆,全景、手持抖动,无法判断,无,高
化工群,lQbPJwr3dW2gQncAALAsK767TzqW9wpVN2c7NhQA.mp4,260817,36.1,544x960,环境铺垫,仅可内嵌,工地挖掘现场,人员、厂区、车辆、挖掘机,中景、全景、固定机位,无法判断,客户名称,高
化工群,lQbPJwRbzGu51_cAALDhTvaajT3ZfgpU7T7XPq8A.mp4,260817,27.3,544x960,环境铺垫,仅可内嵌,工地施工场景,无,中景,无法判断,车牌,高
化工群,lQbPJxB2clFkVwcAALAgiBbM3-jMiApVAsaRUnsA.mp4,260817,12.9,720x1280,环境铺垫,仅可内嵌,施工现场,人员、厂区、地面、建筑,中景、全景、固定机位,无法判断,无,高
化工群,lQbPJxJHMuFp3RcAALDXxCs-YStHAApU6cZ0RNIA.mp4,260817,4.4,544x960,环境铺垫,仅可内嵌,工地施工现场,人员、厂区、车辆,全景、运动镜头,无法判断,无,高
化工群,lQbPJwQQT1fZ3U8AALCS04_uLGJ_2QpUQyois4wA.mp4,260816,9.9,720x1280,不可用,不可用,夜间施工现场,厂区,中景、手持抖动,无法判断,无,高
化工群,lQbPJv9x93Tp9ncAALAKwKwQrrnx_QpU7UCCBh0A.mp4,260817,25.4,544x960,环境铺垫,仅可内嵌,工地挖掘作业,人员、厂区、车辆,中景、固定机位,无法判断,车牌,高
内部群,lQbPKGMBGznkwvEAALDb7WeGCRtLswmjakhf-4kA.mp4,260401,37.3,720x1280,环境铺垫,仅可内嵌,灌木丛合影,厂区、文字牌,手持抖动,无法判断,无,高
内部群,260227_02.mp4,260227,15.5,720x1280,不可用,可全屏,,无,,无法判断,无,
内部群,lQbPJx43GbZa-qEAALBbARM1L4b-ngnlSTeZL78A.mp4,260522,18.4,544x960,环境铺垫,仅可内嵌,回转窑维修,人员、筒体、厂区、文字牌,手持抖动、中景,无法判断,人脸,高
内部群,260331_04.mp4,260331,13.7,544x960,不可用,仅可内嵌,,无,,无法判断,无,
内部群,260403_01.mp4,260403,16.5,960x544,不可用,仅可内嵌,,无,,无法判断,人脸,
内部群,260418_01.mp4,260418,47.7,544x960,环境铺垫,仅可内嵌,工业现场环境,厂区,中景,无法判断,无,高
内部群,260423_01.mp4,260423,30.1,720x1280,不可用,不可用,农田种植,无,全景,无法判断,无,高
内部群,260312_04.mp4,260312,50.4,720x1280,不可用,不可用,草丛地面,无,无,无法判断,无,高
内部群,260427_01.mp4,260427,22.9,544x960,环境铺垫,仅可内嵌,园艺绿化,厂区、文字牌,中景,无法判断,无,高
内部群,260407_01.mp4,260407,28.7,544x960,环境铺垫,仅可内嵌,树枝修剪,厂区、文字牌、树木,中景、手持抖动,无法判断,无,高
内部群,lQbPKG_mkm4a170AALAy6s40od3XiQnZ2Uka5-AA.mp4,260513,23.1,544x960,不可用,不可用,地面景物,无,手持抖动,无法判断,无,高
内部群,260219_03.mp4,260219,32.2,544x960,环境铺垫,仅可内嵌,夜间检修现场,厂区、文字牌,手持抖动,无法判断,无,高
内部群,lQbPJxjIe7qSQZ8AALB8P039-wXKVwn1k80jYPgA.mp4,260604,29.2,720x1280,环境铺垫,仅可内嵌,园艺场景,无,中景,无法判断,无,高
内部群,260131_07.mp4,260131,14.2,544x960,不可用,不可用,回转窑检修,筒体,大特写,无法判断,无,高
内部群,lQbPKG2ETRuAGBkAALA849u8lYtYrQnJ-nyjWZ0A.mp4,260501,18.2,720x1280,不可用,仅可内嵌,户外小院布置,花园、小树、旧轮胎、地面、砖墙,全景、固定机位,无法判断,无,高
内部群,260219_02.mp4,260219,40.3,544x960,不可用,不可用,夜晚厂区环境,厂区、文字牌,手持抖动、强对比,无法判断,无,高
内部群,lQbPJv9Nlj7JtLMAALAPDCx3Gm8lVwomgxzkazgA.mp4,260712,53.0,720x1280,不可用,不可用,墙边的灌木,无,手持抖动,无法判断,无,高
内部群,lQbPJw7CzIrXFS8AALCHGg6XYusdDgn4NN8xZikA.mp4,260606,31.8,720x1280,不可用,仅可内嵌,植物浇水,植物,手持抖动,无法判断,无,高
内部群,lQbPKeZaZ1oni68AALDqtesQ-uhPnQpT74BhrhkA.mp4,260816,41.3,544x960,环境铺垫,仅可内嵌,井盖与管道,管道、厂区、车辆、文字牌,手持抖动,无法判断,无,高
内部群,lQbPKcnnK7XafqsAALBuBo4p2cKwwgo8lDY56IcA.mp4,260729,37.6,720x1280,不可用,仅可内嵌,庭院内绿植,无,中景,无法判断,无,高
内部群,260218_02.mp4,260218,37.3,544x960,环境铺垫,仅可内嵌,夜间厂区拍摄,厂区、文字牌,固定机位、手持抖动,无法判断,无,高
内部群,260405_01.mp4,260405,60.1,544x960,不可用,不可用,泥土园艺场景,土壤、轮胎、植物,中景、手持抖动,无法判断,无,高
内部群,lQbPJw74dWpz318AALDJznBu0Z8nfQo34gToHEQA.mp4,260725,14.2,544x960,过程证据,可全屏,在线磨削,火花、人员、轮带、筒体,中景、固定机位,加工,无,高
内部群,260220_03.mp4,260220,39.0,544x960,环境铺垫,不可用,夜间维修现场,文字牌,手持抖动,无法判断,无,高
内部群,lQbPJxqFOdlswakAALAJSZys2VUmNgntPaKVWY8A.mp4,260528,13.4,544x960,不可用,仅可内嵌,,无,,无法判断,无,
内部群,lQbPKHn1WfYhBDsAALAhoOdw9CWZ9An9iceYB-YA.mp4,260610,17.4,720x1280,环境铺垫,仅可内嵌,户外人行道,无,手持抖动,无法判断,无,高
内部群,260324_01.mp4,260324,52.3,544x960,不可用,仅可内嵌,,无,,无法判断,无,
内部群,lQbPKGOk0KOLGA8AALCNm1nYPd0j4gn4exnMxjQA.mp4,260606,36.3,720x1280,不可用,仅可内嵌,浇水地面,无,手持抖动,无法判断,无,高
内部群,260414_01.mp4,260414,43.9,720x1280,不可用,不可用,绿色植物,无,手持抖动,无法判断,无,高
内部群,260130_03.mp4,260130,17.6,544x960,不可用,不可用,筒体磨损面,筒体、磨损面,大特写,无法判断,无,高
内部群,260315_01.mp4,260315,60.7,544x960,不可用,仅可内嵌,,无,,无法判断,无,
内部群,lQbPJxCj69wkvF8AALCF4UKfKXKHNwn5iM_0xpMA.mp4,260607,53.8,720x1280,不可用,不可用,给植物浇水,植物、花、水管,手持抖动,无法判断,无,高
内部群,lQbPKID8VRLqfAsAALD2l7ZtaR6TLAoJYTSLvyMA.mp4,260619,31.5,544x960,不可用,不可用,机械设备,筒体、文字牌,手持抖动,无法判断,无,高
内部群,260425_01.mp4,260425,22.6,544x960,环境铺垫,仅可内嵌,现场绿植画面,无,手持抖动,无法判断,无,高
内部群,260309_04.mp4,260309,19.9,544x960,环境铺垫,仅可内嵌,地面上的工具,厂区、文字牌,中景、固定机位,无法判断,无,高
内部群,lQbPJx-QtXC5q8cAALDW_EpfDzshYQoyg-JYLcMA.mp4,260721,23.1,544x960,不可用,仅可内嵌,,无,,无法判断,无,
内部群,260407_02.mp4,260407,27.7,720x1280,不可用,仅可内嵌,绿色与红色植物,厂区、文字牌,中景,无法判断,无,高
内部群,260329_02.mp4,260329,24.7,720x1280,不可用,可全屏,,无,,无法判断,无,
内部群,260223_02.mp4,260223,42.9,544x960,环境铺垫,仅可内嵌,夜间厂区,厂区、文字牌,手持抖动、运动镜头、强对比,无法判断,无,高
内部群,lQbPJwGEM82mxvUAALBNQsT5xnzppwnbHEQZm50A.mp4,260514,31.0,544x960,不可用,仅可内嵌,喷洒树木,树木、喷头、车辆,手持抖动,无法判断,无,高
内部群,260217_01.mp4,260217,25.1,544x960,环境铺垫,仅可内嵌,禁止标识,文字牌,固定机位,无法判断,安全告示牌,高
内部群,260402_01.mp4,260402,14.6,544x960,环境铺垫,仅可内嵌,工业维修现场,人员、筒体、厂区、文字牌,手持抖动,无法判断,无,高
内部群,lQbPJxH1WBmkNbUAALC8fCuQYjYLOAneiz-1y4QA.mp4,260517,40.4,720x1280,不可用,可全屏,,无,,无法判断,无,
内部群,260331_03.mp4,260331,18.3,544x960,不可用,仅可内嵌,,无,,无法判断,无,
内部群,lQbPJxXMgeYrB2MAALCKIUEIrof8OAobEN9LwyYA.mp4,260703,29.7,720x1280,不可用,仅可内嵌,植物支架景观,植物、竹竿、绳子,手持抖动,无法判断,无,高
内部群,260312_05.mp4,260312,18.3,720x1280,环境铺垫,仅可内嵌,道路旁花坛,文字牌、厂区,中景,无法判断,无,高
内部群,lQbPKICGGRQRbGkAALCEvtGVt_kt8wnhUw7sf-QA.mp4,260519,21.1,544x960,不可用,不可用,地面与植物,无,手持抖动,无法判断,无,高
内部群,lQbPKG86rW1nrz8AALC8oLFKU532zQn2D-JYyLIA.mp4,260604,18.0,544x960,环境铺垫,仅可内嵌,工厂外景,厂区、中景,手持抖动,无法判断,无,高
内部群,lQbPJwMlqSALZWkAALCk5KAkkbutMwnsvZu8R0AA.mp4,260528,17.2,544x960,不可用,仅可内嵌,,无,,无法判断,人脸,
内部群,lQbPJxFIikBQqY8AALBolXWvt1sBLAoyEpWCuDMA.mp4,260721,8.8,720x1280,环境铺垫,仅可内嵌,工业机械设备,筒体、车辆、厂区,中景、手持抖动,无法判断,无,高
内部群,260415_01.mp4,260415,29.6,720x1280,环境铺垫,仅可内嵌,场地清理,厂区、文字牌,全景、手持抖动,无法判断,无,高
内部群,260224_01.mp4,260224,18.9,1280x720,环境铺垫,仅可内嵌,多人燃放烟火,人员、烟花、厂区,中景、固定机位,无法判断,无,高
内部群,lQbPJwvqSv20Q2MAALCBzxJplsrQiApAO64u5A8A.mp4,260801,32.6,720x1280,不可用,不可用,回转窑维修现场,筒体,手持抖动,无法判断,无,高
内部群,lQbPKHSOAniwMtMAALDVOqqZezxNkgpATKa1_dUA.mp4,260801,54.1,720x1280,环境铺垫,不可用,园艺浇水,人员、植物,手持抖动,无法判断,无,高
内部群,260425_02.mp4,260425,16.9,544x960,不可用,不可用,喷洒植物,植物、喷水,手持抖动,无法判断,无,高
内部群,260331_02.mp4,260331,25.2,720x1280,不可用,可全屏,,无,,无法判断,无,
内部群,260217_03.mp4,260217,23.4,544x960,不可用,不可用,灯光拖影,无,手持抖动,无法判断,无,高
内部群,260131_10.mp4,260131,32.2,544x960,不可用,不可用,回转窑车削维修,筒体,大特写,无法判断,无,高
内部群,260131_11.mp4,260131,9.6,544x960,不可用,不可用,回转窑筒体,筒体,大特写,无法判断,无,高
内部群,lQbPKISJ044_k2kAALBR7Fwpfo2JxwntA-yyVSIA.mp4,260528,22.9,960x544,不可用,仅可内嵌,,无,,无法判断,无,
内部群,lQbPKdMiCawtwskAALBV0JOPoQKMUwnjq6Y4XpoA.mp4,260521,48.4,720x1280,不可用,可全屏,,无,,无法判断,人脸,
内部群,lQbPKHiHu_w5rx8AALDvsSzX-kuPcQn8FWw98RYA.mp4,260609,17.8,544x960,不可用,不可用,车内地板,无,手持抖动,无法判断,无,高
内部群,260227_01.mp4,260227,4.2,720x1280,不可用,可全屏,,无,,无法判断,无,
内部群,lQbPJx_rqG3nCu8AALA8CIObpCDTDAnvWhs-Xu4A.mp4,260530,58.3,720x1280,环境铺垫,仅可内嵌,道路旁树叶,树木、地面、绿化、建筑、垃圾桶,中景、手持抖动,无法判断,无,高
内部群,260307_01.mp4,260307,51.5,544x960,环境铺垫,仅可内嵌,室内维修画面,人员、吊装、厂区、文字牌,全景、手持抖动,无法判断,人脸,高
内部群,lQbPJxClvXy1iXkAALDkxofkcJMO4AnjvZoHYu4A.mp4,260521,51.5,720x1280,环境铺垫,仅可内嵌,厂区环境图,厂区,中景、固定机位,无法判断,无,高
内部群,lQbPKdKQhKwYKXsAALDMaHJXoZqVnQo4utAnEKoA.mp4,260726,5.6,544x960,无法判断,仅可内嵌,接触表刻度盘,文字牌,大特写、固定机位,无法判断,无,高
内部群,lQbPJxtMZ8HbuHkAALBruPRCl__MKwngmYt3yUQA.mp4,260519,41.5,544x960,不可用,不可用,设备内部结构,筒体、量具、文字牌,手持抖动,无法判断,无,高
内部群,260312_03.mp4,260312,49.3,544x960,环境铺垫,仅可内嵌,户外区域场景,厂区、文字牌,手持抖动,无法判断,无,高
内部群,260405_02.mp4,260405,16.7,720x1280,不可用,仅可内嵌,绿化带照片,无,全景,无法判断,无,高
内部群,lQbPKHPpZFMHlUsAALCnVTisVSjc8wn9dhdcAfYA.mp4,260610,35.2,720x1280,环境铺垫,仅可内嵌,厂区绿化,厂区、文字牌,中景,无法判断,无,高
内部群,260616_01.mp4,260616,31.0,544x960,环境铺垫,仅可内嵌,工厂内道路,厂区、文字牌,中景、手持抖动,无法判断,无,高
内部群,260312_02.mp4,260312,19.0,544x960,不可用,仅可内嵌,户外树坑摆放物品,无,中景、固定机位,无法判断,无,高
内部群,260309_01.mp4,260309,42.9,544x960,不可用,不可用,树池泥土,无,手持抖动,无法判断,无,高
内部群,lQbPKIUKEKgbyI8AALCAO8jn86XjkQoPxZf2O0QA.mp4,260624,57.6,720x1280,不可用,仅可内嵌,绿色植被,文字牌,手持抖动,无法判断,无,高
内部群,260131_05.mp4,260131,67.5,544x960,开场证据,仅可内嵌,回转窑磨损面,磨损面、筒体,大特写、手持抖动,测量,无,高
内部群,lQbPKHNOxxFFSkEAALAu2Ge8VNl7lwnlfvDX4l8A.mp4,260522,30.9,960x544,不可用,仅可内嵌,,无,,无法判断,无,
内部群,lQbPJwhBg5FjjxEAALCFgCRYBT4MJgnn-azho2sA.mp4,260524,14.6,544x960,不可用,仅可内嵌,,无,,无法判断,无,
内部群,lQbPJwJlwdN0Rl8AALAqoyRNST7VkQn4UKShbdMA.mp4,260606,62.4,544x960,不可用,仅可内嵌,室外地面杂物,厂区,手持抖动,无法判断,无,高
内部群,lQbPJyGgN0ce1M8AALCFlMRJTEBoKAo39sBAkvwA.mp4,260725,21.5,544x960,过程证据,仅可内嵌,回转窑检修,刀具、轮带、筒体、加工纹面、磨损面,大特写、手持抖动,加工,无,高
内部群,260319_02.mp4,260319,39.4,544x960,不可用,不可用,水池与倒影,水池、倒影,全景,无法判断,无,高
内部群,260314_02.mp4,260314,33.3,720x1280,不可用,不可用,土壤场景,无,固定机位,无法判断,无,高
内部群,lQbPKedrQLfWyv8AALA-ubj7hSGxjAnzkt0wrtwA.mp4,260602,23.4,544x960,不可用,不可用,植物浇灌,无,手持抖动,无法判断,无,高
内部群,260217_05.mp4,260217,45.2,544x960,不可用,不可用,夜间施工图片,厂区、文字牌,手持抖动、逆光,无法判断,无,高
内部群,260412_01.mp4,260412,11.0,960x544,环境铺垫,不可用,作业检修现场,筒体、文字牌,固定机位,无法判断,无,高
内部群,lQbPJw4nRmRBzoEAALAjwpK61MXJ5AnorD2W5xoA.mp4,260525,13.5,544x960,不可用,不可用,下水道画面,无,全景、手持抖动,无法判断,无,高
内部群,260407_03.mp4,260407,22.0,720x1280,不可用,不可用,绿色植物及建筑墙面,厂区、植物、墙面,手持抖动,无法判断,无,高
内部群,lQbPKHXohw7S97sAALAlYgXE09gyqQn8oU1nk-cA.mp4,260609,43.9,544x960,不可用,仅可内嵌,园艺喷洒植物,无,手持抖动、运动镜头,无法判断,无,高
内部群,260319_01.mp4,260319,16.9,720x1280,不可用,不可用,室内卫生设施,无,中景、手持抖动,无法判断,无,高
内部群,260223_05.mp4,260223,35.3,544x960,环境铺垫,不可用,夜间厂区灯光,厂区,固定机位,无法判断,无,高
内部群,260118_01.mp4,260118,61.9,544x960,环境铺垫,仅可内嵌,种植区绿植,绿植、边石、地面,手持抖动,无法判断,无,高
内部群,lQbPJwYf0Rf4NmsAALA8QczQ-Q62yQn_5RbMZOYA.mp4,260612,32.0,544x960,不可用,仅可内嵌,,无,,无法判断,无,
内部群,lQbPJxC41wG3rNkAALBEP4eJlPDnaQnkH3ehY6AA.mp4,260521,18.5,544x960,不可用,仅可内嵌,,无,,无法判断,无,
内部群,lQbPKIJ6UeS8QNEAALAG_vHdQL5anAnmFN3AcgwA.mp4,260523,30.0,960x544,不可用,仅可内嵌,检查井口施工作业,井盖,手持抖动,无法判断,客户名称,高
内部群,260410_01.mp4,260410,23.6,960x544,不可用,仅可内嵌,,无,,无法判断,无,
内部群,260218_04.mp4,260218,47.3,544x960,环境铺垫,仅可内嵌,夜间维修场景,文字牌、厂区,手持抖动、运动镜头、强对比,无法判断,无,高
内部群,lQbPJxS7qKbsqJkAALCVOwXSqOX6zgnsnZ8yk9gA.mp4,260528,12.8,544x960,环境铺垫,仅可内嵌,工业现场,人员、筒体、厂区、文字牌,手持抖动、中景,无法判断,人脸,高
内部群,lQbPKHSY7JJXYxUAALDJ0cM_M2LvAgnbHnUnu2gA.mp4,260514,22.0,544x960,不可用,仅可内嵌,树木喷洒操作,人员、文字牌,手持抖动,无法判断,无,高
内部群,260325_01.mp4,260325,28.7,720x1280,不可用,不可用,户外地面杂草,无,手持抖动,无法判断,无,高
内部群,lQbPJyJqH6ix7KEAALDmAutqmhAkUgnk6mbe0ScA.mp4,260522,13.6,960x544,环境铺垫,仅可内嵌,钢铁行业现场,人员、文字牌、筒体、厂区,手持抖动,无法判断,客户名称,高
内部群,lQbPJx3dD2gKMZEAALADVeH7V6dkFwnla4OSyYgA.mp4,260522,18.5,544x960,环境铺垫,仅可内嵌,工厂设备检修,人员、筒体、厂区、文字牌,中景、手持抖动,无法判断,人脸、安全告示牌,高
内部群,lQbPKGQJxP2EOMkAALCEXa8e76qmmwnjq5g0lEMA.mp4,260521,29.9,720x1280,不可用,不可用,围栏环绕绿地,厂区,中景,无法判断,无,高
内部群,lQbPJw7U_Q4Ggk8AALA-jCVf6vdrxApIBD6tuV0A.mp4,260807,38.4,720x1280,不可用,仅可内嵌,植物浇水画面,植物、水流,手持抖动,无法判断,无,高
内部群,260329_01.mp4,260329,18.5,960x544,环境铺垫,仅可内嵌,工厂内景,筒体、轮带、量具、文字牌,手持抖动,测量,客户名称,高
内部群,260130_02.mp4,260130,15.8,544x960,不可用,不可用,黑色液体操作,筒体,大特写,无法判断,无,高
内部群,260403_02.mp4,260403,11.1,544x960,不可用,仅可内嵌,,无,,无法判断,无,
内部群,260131_01.mp4,260131,60.7,544x960,关键细节,仅可内嵌,压力表特写,量具,大特写,测量,无,高
内部群,260223_04.mp4,260223,17.7,544x960,不可用,不可用,绿色蔬菜地,无,手持抖动,无法判断,无,高
内部群,260309_02.mp4,260309,31.9,544x960,环境铺垫,仅可内嵌,城市绿化维护,土壤、树木、砖块、厂区,手持抖动、中景,无法判断,无,高
内部群,260131_06.mp4,260131,14.2,544x960,过程证据,仅可内嵌,轮带磨削,筒体、轮带,大特写,加工,无,高
内部群,lQbPJxI-GoqzBrMAALCgXpa_-NsUGwo6Sddbv_gA.mp4,260727,53.4,960x544,环境铺垫,仅可内嵌,回转窑维修现场,人员、轮带、筒体、厂区、文字牌,中景、固定机位,无法判断,客户名称,高
内部群,260405_03.mp4,260405,33.5,720x1280,不可用,可全屏,,无,,无法判断,无,
内部群,lQbPKILyX4zvmrEAALAWDIUdxSocjAmjwo-1_LgA.mp4,260401,33.2,544x960,不可用,仅可内嵌,,无,,无法判断,人脸,
内部群,lQbPJxTeOFUIHrEAALDVZzSAyPqyXwniTLFxMHYA.mp4,260520,15.9,720x1280,过程证据,可全屏,回转窑加工,人员、筒体、厂区,中景、固定机位,加工,人脸,高
内部群,260407_04.mp4,260407,29.9,720x1280,不可用,不可用,绿色植被,植被、建筑、围栏,固定机位,无法判断,无,高
内部群,260313_01.mp4,260313,11.9,720x1280,环境铺垫,仅可内嵌,会议现场,人员、文字牌,中景、固定机位,无法判断,人脸,高
内部群,lQbPKG8vw3brsBkAALAuDGXgfPv0HQnndfARjDcA.mp4,260524,16.4,544x960,不可用,仅可内嵌,,无,,无法判断,无,
内部群,260327_03.mp4,260327,15.2,960x544,环境铺垫,仅可内嵌,工厂内部监控,人员、轮带、筒体、文字牌,运动镜头,无法判断,客户名称,高
内部群,lQbPKIDFw0BXl0sAALAEUqz7B-dDMQoJYLJG140A.mp4,260619,33.3,544x960,不可用,仅可内嵌,井盖与橙色管,无,固定机位,无法判断,无,高
内部群,lQbPJx90g60hdMsAALDWAbLj_qwc6wpELFsi2IUA.mp4,260804,45.8,720x1280,不可用,仅可内嵌,浇灌植物,人员,手持抖动,无法判断,无,高
内部群,260425_03.mp4,260425,40.0,720x1280,环境铺垫,仅可内嵌,厂区树木修剪,厂区、植物,中景、手持抖动,无法判断,无,高
内部群,lQbPJxA3sPJp-KEAALBUnYNmG-WXPQnitq8JYxUA.mp4,260520,20.8,960x544,环境铺垫,仅可内嵌,车间内部画面,轮带、筒体、厂区、文字牌,中景、固定机位,无法判断,客户名称,高
内部群,260131_08.mp4,260131,44.2,544x960,过程证据,仅可内嵌,轮带车磨削,筒体、磨损面,大特写,加工,无,高
内部群,260218_03.mp4,260218,40.3,544x960,不可用,不可用,多图夜间场景,文字牌,手持抖动,无法判断,无,高
内部群,lQbPJyAhUXxNJOsAALD_m7r5USygzApEek9gjaQA.mp4,260804,59.6,720x1280,环境铺垫,仅可内嵌,灌溉树木,树木、草地、道路、浇水,手持抖动,无法判断,无,高
内部群,lQbPJxNgO1awjfsAALDWFTL9JvKZ6wn9PfD74SwA.mp4,260610,17.4,544x960,环境铺垫,仅可内嵌,园艺维护,人员、厂区,中景、手持抖动,无法判断,无,高
内部群,260404_01.mp4,260404,47.6,544x960,不可用,不可用,建筑场景,无,手持抖动,无法判断,无,高
内部群,260407_05.mp4,260407,11.1,720x1280,不可用,不可用,园区灌木修剪,灌木、植物,手持抖动,无法判断,无,高
内部群,260327_04.mp4,260327,9.0,544x960,环境铺垫,仅可内嵌,加工现场图,人员、筒体、厂区、文字牌,固定机位,无法判断,无,高
内部群,260427_02.mp4,260427,54.1,720x1280,环境铺垫,仅可内嵌,绿植前标牌,绿植、厂区、文字牌,中景、手持抖动,无法判断,无,高
内部群,lQbPJwIvL_0wMHEAALA3GnI-f0IJcwni2m6E0nAA.mp4,260520,27.1,960x544,不可用,仅可内嵌,,无,,无法判断,无,
内部群,260223_03.mp4,260223,35.0,720x1280,环境铺垫,仅可内嵌,校园花坛,植物、文字牌、建筑、雕像,全景、手持抖动,无法判断,客户名称,高
内部群,lQbPJwHKO93o_AEAALA39dR9m4uNXAnlA1FbwiMA.mp4,260522,19.1,544x960,不可用,仅可内嵌,,无,,无法判断,无,
内部群,lQbPJxxdQQa3bpkAALA70kvJ2dinAgnsgBdmVMUA.mp4,260528,17.6,544x960,不可用,仅可内嵌,,无,,无法判断,无,
内部群,260314_01.mp4,260314,19.4,720x1280,不可用,不可用,地面与植物,无,手持抖动,无法判断,无,高
内部群,lQbPKG1zBVZwQUEAALC9JsB1stRNtAnn2CvEMQUA.mp4,260524,18.2,544x960,环境铺垫,仅可内嵌,发货装车,吊装、厂区,,收尾,无,高
内部群,lQbPJwn34-2f55kAALCG2sYilVmOwAngakSR8yMA.mp4,260518,18.1,960x544,不可用,仅可内嵌,,无,,无法判断,无,
内部群,lQbPJx7i_q9-_rcAALAD8MCz3-8z6woTJzxC1mIA.mp4,260627,56.3,720x1280,环境铺垫,仅可内嵌,工厂花园,厂区、文字牌,中景、手持抖动,无法判断,无,高
内部群,260426_01.mp4,260426,24.5,544x960,环境铺垫,仅可内嵌,机械维修现场,人员、轮带、厂区,手持抖动,无法判断,无,高
内部群,lQbPJwkJmkRgZQEAALB95CNEV3tgcAnorEgDZh8B.mp4,260525,18.0,544x960,环境铺垫,仅可内嵌,工厂内部画面,厂区,运动镜头、手持抖动,无法判断,无,高
内部群,lQbPJwh4_h8EOP8AALA98N6SKQUeUQor2lkIHfEA.mp4,260716,41.2,720x1280,不可用,不可用,绿色植物园地,人员、文字牌,中景、手持抖动,无法判断,无,高
内部群,lQbPKGtZgl2jH9EAALBR75rlhXGIRAnPGlB2S0QA.mp4,260505,27.1,720x1280,不可用,不可用,工地墙边土堆,无,手持抖动,无法判断,无,高
内部群,lQbPJwmtT8uow3kAALBult61csuMogng7gYBIgYA.mp4,260519,39.7,544x960,不可用,不可用,回转窑检修,筒体、量具、文字牌,手持抖动,无法判断,无,高
内部群,lQbPJxsMvaPT9hkAALDD7qGYFN2soQnJ-nX3LwwA.mp4,260501,42.1,544x960,不可用,不可用,地面与植物,无,手持抖动,无法判断,无,高
内部群,lQbPJxYCKwkZ7AEAALBtXr4QQeZWTgnorDXa4CoA.mp4,260525,34.3,544x960,环境铺垫,仅可内嵌,管道作业,管道、地面、人孔、水流,手持抖动、中景,无法判断,无,高
内部群,260328_01.mp4,260328,35.2,544x960,不可用,仅可内嵌,,无,,无法判断,无,
内部群,260131_03.mp4,260131,11.0,544x960,无法判断,仅可内嵌,轮带磨损,筒体,大特写、固定机位,无法判断,无,高
内部群,lQbPKG38WscV_lcAALBagRURn74lTwotAjcUxVUA.mp4,260717,49.1,720x1280,不可用,不可用,花园景观,花草、树木,全景,无法判断,无,高
内部群,260329_03.mp4,260329,26.6,544x960,环境铺垫,仅可内嵌,工具物资,厂区,,无法判断,无,高
内部群,lQbPJwPbjzzuxIsAALCW_K6RxiihkgpELxc3T_YA.mp4,260804,31.4,720x1280,不可用,仅可内嵌,花园绿植,绿植、花卉、道路,全景、手持抖动,无法判断,无,高
内部群,260222_01.mp4,260222,39.6,544x960,不可用,不可用,地面与植物,无,手持抖动,无法判断,无,高
内部群,lQbPJxm8OlGAZgsAALBgoy0nnYOT1An9ZyeWnvsA.mp4,260610,60.8,720x1280,环境铺垫,仅可内嵌,厂区内景,厂区、文字牌,固定机位、中景,无法判断,无,高
内部群,lQbPJxpYqSNX1oEAALBCHDMXaXq4pwniay9-52QA.mp4,260520,14.7,544x960,不可用,仅可内嵌,,无,,无法判断,无,
内部群,260312_01.mp4,260312,11.9,720x1280,不可用,可全屏,,无,,无法判断,无,
内部群,lQbPJxwfaIWNxYsAALA-fXyDHLX-8wpEPIpcwzYA.mp4,260804,36.6,720x1280,不可用,可全屏,,无,,无法判断,无,
内部群,lQbPJwNSObRAfEkAALBsR42ISUO1wgns8J--5uwA.mp4,260528,15.8,960x544,不可用,仅可内嵌,工业加工现场,筒体、厂区、文字牌,手持抖动,无法判断,客户名称,高
内部群,260219_01.mp4,260219,35.7,544x960,环境铺垫,仅可内嵌,夜间厂区,旗杆、灯光、厂区、文字牌,全景、手持抖动,无法判断,无,高
内部群,260331_01.mp4,260331,24.0,544x960,不可用,仅可内嵌,设备仪表盘,仪表盘、文字牌,手持抖动,无法判断,无,高
内部群,lQbPJxCj6-efmx0AALDLk5vQ_seUiQndKrzLw0QA.mp4,260516,37.5,720x1280,不可用,仅可内嵌,多人浇水,植物,手持抖动,无法判断,无,高
内部群,lQbPKHGsaQWb5n8AALA5ZHN8aervegoYTecHOoAA.mp4,260701,60.0,544x960,不可用,仅可内嵌,花园及雕塑,雕塑、植物、花朵,中景、手持抖动,无法判断,无,高
内部群,260425_04.mp4,260425,32.1,544x960,不可用,不可用,工地清理,树叶、地面、栏杆,手持抖动,无法判断,无,高
内部群,260220_01.mp4,260220,37.6,544x960,环境铺垫,仅可内嵌,夜间厂区,厂区、文字牌,全景、手持抖动、夜景,无法判断,无,高
内部群,lQbPJxQfOewZ7nkAALCjqhbWqQq96AngmXtJXUAA.mp4,260519,21.4,544x960,不可用,仅可内嵌,,无,,无法判断,无,
内部群,260130_01.mp4,260130,48.6,544x960,验收闭环,仅可内嵌,压力表读数,表盘,大特写、固定机位,复检,无,高
内部群,260221_02.mp4,260221,46.8,544x960,环境铺垫,仅可内嵌,夜间厂区景,厂区、文字牌,全景、手持抖动,无法判断,无,高
内部群,lQbPJxzwl44EO5UAALBejQ2cxfd49AnbHm2QOaAA.mp4,260514,16.1,544x960,不可用,仅可内嵌,,无,,无法判断,无,
内部群,lQbPKdNabQmrBpsAALAbQBYJqxS0ewoAB4-YzIAA.mp4,260612,54.7,720x1280,不可用,不可用,工业检修现场,厂区、文字牌,手持抖动,无法判断,无,高
内部群,260327_01.mp4,260327,18.3,544x960,不可用,仅可内嵌,,无,,无法判断,人脸,
内部群,260222_04.mp4,260222,31.3,544x960,环境铺垫,仅可内嵌,夜间厂区,厂区、文字牌,全景、固定机位,无法判断,无,高
内部群,260216_02.mp4,260216,43.6,544x960,不可用,不可用,夜间施工现场,厂区、文字牌,手持抖动,无法判断,无,高
内部群,lQbPJx5lfB52nDEAALCuHYUjdI274gnrb9-QhFoA.mp4,260527,27.0,544x960,过程证据,仅可内嵌,回转窑磨削,刀具、量具、人员、筒体、文字牌、加工纹面,中景、固定机位,加工,人脸、安全告示牌,高
内部群,260426_02.mp4,260426,17.7,544x960,环境铺垫,仅可内嵌,设备检测现场,人员、筒体、文字牌、厂区,中景、手持抖动,无法判断,人脸,高
内部群,lQbPJxSeji1Z2GcAALBKT0w3lCFWqgnt9qgA4YwA.mp4,260529,16.2,720x1280,环境铺垫,仅可内嵌,两侧栅栏植物,厂区,全景,无法判断,无,高
内部群,lQbPKHrzGbp8IA8AALBpgdIOfUNVUQoVDxje2igA.mp4,260628,60.6,544x960,环境铺垫,仅可内嵌,工厂外部环境,厂区、文字牌,手持抖动,无法判断,无,高
内部群,260214_01.mp4,260214,49.5,544x960,环境铺垫,仅可内嵌,设备周围物品,量具、轮带、文字牌,手持抖动、中景,无法判断,无,高
内部群,lQbPJxzKZJcRE6EAALBcbbZHBZqidAnnv_WyiLQA.mp4,260524,17.7,544x960,不可用,仅可内嵌,,无,,无法判断,无,
内部群,lQbPJwqHlxyD_xcAALBpdRJc5J4EWwnuEEc1gKsA.mp4,260529,31.7,720x1280,不可用,不可用,绿色植物,无,无,无法判断,无,高
内部群,lQbPKH4BQ_r7BHsAALADGqOU7zbR2wocwRi58voA.mp4,260704,13.0,720x1280,环境铺垫,仅可内嵌,现场环境,人员、厂区、文字牌,中景、手持抖动,无法判断,人脸,高
内部群,260213_01.mp4,260213,18.4,720x1280,不可用,不可用,维修现场素材,火花、轮带、筒体、文字牌,模糊、手持抖动,无法判断,无,高
内部群,lQbPKdTFUIzGDVEAALBG4Y0_zeqCPgnPEwh3PDQA.mp4,260505,28.2,720x1280,环境铺垫,仅可内嵌,工厂外景植物,厂区,全景、手持抖动,无法判断,无,高
内部群,lQbPJwKJOiZG7hkAALA6DaEOVXCkfgngaj0R2U8A.mp4,260518,19.7,960x544,不可用,不可用,设备内部检修,筒体、文字牌,全景、固定机位,无法判断,客户名称,高
内部群,260402_02.mp4,260402,15.8,544x960,不可用,仅可内嵌,,无,,无法判断,无,
内部群,260225_02.mp4,260225,12.0,544x960,环境铺垫,仅可内嵌,厨房现场,桌子、食物、锅具、拖把,中景、手持抖动,无法判断,无,高
内部群,260221_01.mp4,260221,40.9,544x960,环境铺垫,仅可内嵌,夜晚维修现场,厂区、文字牌、筒体,全景、手持抖动、光线不足,无法判断,无,高
内部群,lQbPKILE5gOSzvEAALD70PYAg-sF4gnMlzsJyHQA.mp4,260503,11.4,720x1280,环境铺垫,仅可内嵌,司机驾驶车辆,人员,手持抖动,无法判断,人脸,高
内部群,lQbPJx1lAeZucK8AALC83N6QLv7YyQpT741cO54A.mp4,260816,31.7,544x960,环境铺垫,仅可内嵌,下水井维修,筒体,中景,无法判断,无,高
内部群,lQbPJwrRQmsAbbEAALB60mgBaeLMXgniTLEoQT0A.mp4,260520,20.2,544x960,不可用,仅可内嵌,,无,,无法判断,无,
内部群,260415_02.mp4,260415,15.3,544x960,环境铺垫,可全屏,室外树木与工具,树木、地面、工具、厂区、文字牌,中景、手持抖动,无法判断,无,高
内部群,260309_03.mp4,260309,29.9,544x960,不可用,不可用,砖围树池,无,手持抖动,无法判断,无,高
内部群,260131_02.mp4,260131,23.1,544x960,不可用,仅可内嵌,,无,,无法判断,无,
内部群,lQbPKdIaSNlDN2MAALAH1qMPDuGAcAo544cPD1cA.mp4,260727,13.7,544x960,环境铺垫,仅可内嵌,工业车内部,无,中景、手持抖动,无法判断,无,高
内部群,260216_01.mp4,260216,22.3,544x960,环境铺垫,可全屏,粉红灯饰旅店,文字牌,手持抖动、强对比,无法判断,无,高
内部群,260404_02.mp4,260404,16.8,720x1280,不可用,不可用,回转窑检修,筒体,手持抖动,无法判断,无,高
内部群,260217_02.mp4,260217,42.7,544x960,不可用,不可用,夜间灯光现场,厂区、文字牌,手持抖动,无法判断,无,高
内部群,lQbPJw45dwPAdxMAALBT2vEzsUFLPAoFOjZodywA.mp4,260616,37.5,544x960,环境铺垫,仅可内嵌,绿化带和地面,厂区、文字牌,手持抖动,无法判断,无,高
内部群,lQbPKcjegfjIip8AALCEeBE3t1Ul6QoUnGMqhWUA.mp4,260628,54.5,720x1280,不可用,不可用,园艺场景,厂区、文字牌,中景、手持抖动,无法判断,车牌,高
内部群,260413_01.mp4,260413,29.8,544x960,环境铺垫,仅可内嵌,植物园地,植物,手持抖动,无法判断,无,高
内部群,260402_03.mp4,260402,23.4,544x960,环境铺垫,不可用,工厂车间内景,人员、筒体、厂区、文字牌,手持抖动,无法判断,无,高
内部群,lQbPKGMTS8WerRUAALDT5gHlMSP7LAnbHoEv4KEA.mp4,260514,29.9,544x960,不可用,不可用,植物和设备,植物、杆状工具,手持抖动、中景,无法判断,无,高
内部群,260407_06.mp4,260407,32.2,720x1280,不可用,仅可内嵌,喷洒植物处理,植物,手持抖动,无法判断,无,高
内部群,260227_03.mp4,260227,27.8,720x1280,过程证据,仅可内嵌,机械设备操作,刀具、量具、齿轮、筒体,中景,加工,无,高
内部群,lQbPJwgEk8ft5OEAALDa87emeMwLFQnlTmlGjf0A.mp4,260522,45.8,720x1280,环境铺垫,仅可内嵌,多个花园场景,植物、轮胎、混凝土板、盖,手持抖动、大特写、中景,无法判断,无,高
内部群,260407_07.mp4,260407,22.4,544x960,环境铺垫,仅可内嵌,工厂外墙绿植,厂区、文字牌,手持抖动、固定机位,无法判断,无,高
内部群,lQbPJxwef6Sw_jEAALCrRF2RW8oFbgmjwpd54yQA.mp4,260401,20.7,544x960,环境铺垫,仅可内嵌,园区灌木装饰,厂区、文字牌,手持抖动、中景,无法判断,无,高
内部群,lQbPJxnps8j1kfsAALDgJ88LIVOYrQo4e-h5L7gA.mp4,260726,12.0,960x544,不可用,仅可内嵌,,无,,无法判断,无,
内部群,260218_01.mp4,260218,30.0,544x960,环境铺垫,仅可内嵌,夜间厂区,厂区、文字牌,全景、手持抖动,无法判断,无,高
内部群,260402_04.mp4,260402,15.6,544x960,环境铺垫,仅可内嵌,工业现场画面,人员、轮带、筒体、厂区、文字牌,中景、手持抖动,无法判断,无,高
内部群,260406_01.mp4,260406,17.4,544x960,环境铺垫,仅可内嵌,工厂内清扫,人员、厂区,中景、手持抖动,无法判断,无,高
内部群,lQbPKIIodxiSs-8AALCU2CX5FEn-2Qo4Ca6Zz44A.mp4,260725,16.5,544x960,不可用,仅可内嵌,,无,,无法判断,无,
内部群,260225_03.mp4,260225,10.8,1280x720,不可用,可全屏,,无,,无法判断,人脸,
内部群,lQbPKH2nOdEsOs8AALCQHbyllmi97gpIBDE3aycA.mp4,260807,38.2,720x1280,不可用,不可用,园艺活动,人员、植物、水管,手持抖动,无法判断,无,高
内部群,260222_03.mp4,260222,36.8,544x960,环境铺垫,仅可内嵌,夜间厂区,厂区、文字牌,夜景、手持抖动,无法判断,无,高
内部群,lQbPJxK9bqnkrrkAALC-plfDrL4inwntI-_Tkt8A.mp4,260528,15.2,544x960,不可用,仅可内嵌,,无,,无法判断,无,
内部群,lQbPJwkbyt-TbzsAALDo60vMZquBAgo4e_THYqMA.mp4,260726,27.4,960x544,不可用,仅可内嵌,,无,,无法判断,无,
内部群,260424_01.mp4,260424,17.2,544x960,环境铺垫,仅可内嵌,户外绿化维修,厂区、人员、文字牌,固定机位、手持抖动,无法判断,无,高
内部群,lQbPJwmS75fJDy8AALC-XaAiiIr6VgpIHrUzKh8A.mp4,260807,62.0,544x960,不可用,仅可内嵌,浇水植物,人员、文字牌,手持抖动,无法判断,无,高
内部群,260327_02.mp4,260327,18.6,720x1280,不可用,可全屏,,无,,无法判断,无,
内部群,lQbPJxWDv5Ae-0EAALCVsjA0HcByjwnlfYUJT-YA.mp4,260522,51.5,544x960,不可用,不可用,夜间检修作业,无,手持抖动,无法判断,无,高
内部群,260410_02.mp4,260410,38.8,544x960,不可用,仅可内嵌,,无,,无法判断,无,
内部群,lQbPJxSMXabui7EAALBdRvcQ8sRZYwne7G9-waYA.mp4,260517,20.4,544x960,环境铺垫,仅可内嵌,绿化修剪现场,工具、植被、墙面,中景、固定机位,无法判断,无,高
内部群,260223_01.mp4,260223,40.0,544x960,环境铺垫,仅可内嵌,夜间厂区景,厂区、文字牌,固定机位、夜景,无法判断,无,高
内部群,lQbPJwdNxQhqKucAALDmCi7ZBomXLgpPBaHUvS8A.mp4,260812,13.8,720x1280,不可用,不可用,道路行驶,车辆、道路、人员,运动镜头、手持抖动,无法判断,无,高
内部群,260412_02.mp4,260412,36.2,544x960,环境铺垫,仅可内嵌,控制面板操作,表盘、文字牌,手持抖动,无法判断,无,高
内部群,260222_02.mp4,260222,34.4,544x960,环境铺垫,仅可内嵌,夜间厂区环境,厂区、文字牌,中景、固定机位,无法判断,无,高
内部群,lQbPJwECJP5Plm8AALD4MB2sei1vCgn4Ni6F8c8A.mp4,260606,47.8,720x1280,不可用,不可用,浇水植物,植物、洒水壶,中景、手持抖动,无法判断,无,高
内部群,lQbPKIML1q5F0A8AALBfQQeVQ7qBwQnvwbir28oA.mp4,260530,47.0,544x960,不可用,仅可内嵌,地面植被,无,手持抖动,无法判断,无,高
内部群,260426_03.mp4,260426,16.0,544x960,不可用,仅可内嵌,,无,,无法判断,无,
内部群,260428_01.mp4,260428,8.0,544x960,不可用,仅可内嵌,,无,,无法判断,无,
内部群,260217_04.mp4,260217,43.6,544x960,环境铺垫,仅可内嵌,夜间装饰彩灯,厂区、文字牌,手持抖动,无法判断,无,高
内部群,lQbPJwgL2o2BIXEAALANAW5ROG6Z1Qne5mE-pJkA.mp4,260517,27.9,544x960,不可用,仅可内嵌,树木护理,人员、植物,手持抖动,拆解,无,高
内部群,lQbPJyInuvN2Am8AALDXze1N9l4WEAo3Wy55vUEA.mp4,260725,11.1,544x960,过程证据,仅可内嵌,回转窑检修,轮带、筒体、文字牌,中景,加工,无,高
内部群,lQbPJyJ7Z2_VyMcAALADwXQtsX-sZQoOPOOFH68A.mp4,260623,11.7,720x1280,环境铺垫,仅可内嵌,室内施工,人员,中景,拆解,人脸,高
内部群,260131_09.mp4,260131,20.6,544x960,不可用,不可用,回转窑现场检修,无,大特写、手持抖动,无法判断,无,高
内部群,lQbPJx71L0x67hkAALBbmrR9ujJYVAngajgLq98A.mp4,260518,32.9,544x960,不可用,不可用,夜间施工现场,筒体、文字牌,手持抖动,无法判断,无,高
内部群,260131_04.mp4,260131,9.2,544x960,不可用,仅可内嵌,回转窑维护作业,筒体、轮带、磨损面,大特写、固定机位,加工,无,高
内部群,lQbPJxx5cqTZGkkAALAwC1LnSd8g5QngbqXU-2EA.mp4,260518,24.4,544x960,不可用,仅可内嵌,暴雨冲刷道路,无,手持抖动、固定机位,无法判断,无,高
内部群,260407_08.mp4,260407,47.9,720x1280,不可用,不可用,手持喷雾,树木、围栏,手持抖动,无法判断,无,高
内部群,lQbPJwLl_uqw7ksAALDN3CpsEBGnZwpEfaEae8YA.mp4,260804,49.8,720x1280,不可用,仅可内嵌,浇水绿植,绿植、砖墙、水流,手持抖动,无法判断,无,高
内部群,260425_05.mp4,260425,43.4,720x1280,环境铺垫,仅可内嵌,地面树叶,厂区、树木、桶,中景、固定机位,无法判断,无,高
内部群,260225_01.mp4,260225,31.8,720x1280,环境铺垫,仅可内嵌,工业现场,吊装、厂区,中景、手持抖动,无法判断,无,高
内部群,lQbPKHWVw3UyP_EAALAJNIAKMXbo7wninK34s1QA.mp4,260520,20.2,544x960,不可用,仅可内嵌,,无,,无法判断,无,
内部群,lQbPKHwDCgXqS8kAALDTzqyEQ4E4VQnmr6WwjrAA.mp4,260523,15.2,544x960,不可用,仅可内嵌,,无,,无法判断,无,
内部群,260224_02.mp4,260224,27.4,720x1280,不可用,不可用,天空烟花不明,火花、烟雾,手持抖动,无法判断,人脸,高
内部群,lQbPJwpH7PonsAEAALDuE6od6Jxo-gnlffhBIeEA.mp4,260522,51.3,960x544,不可用,仅可内嵌,隧道内情景,筒体、文字牌,固定机位,无法判断,客户名称,高
内部群,lQbPJxG-xkflCP8AALDqQwSxerbpAgn2D_eqIYkA.mp4,260604,60.4,544x960,环境铺垫,仅可内嵌,工厂环境,厂区,中景,无法判断,无,高
内部群,260220_02.mp4,260220,40.8,544x960,环境铺垫,仅可内嵌,夜景拍摄,厂区、文字牌,全景、手持抖动,无法判断,无,高
内部群,260407_09.mp4,260407,39.6,720x1280,不可用,不可用,树木与围栏,树木,手持抖动,无法判断,无,高
内部群,260328_02.mp4,260328,15.3,960x544,环境铺垫,仅可内嵌,加工现场画面,人员、筒体、工厂、文字牌,运动镜头、手持抖动,无法判断,客户名称、安全告示牌,高
水泥群,lQbPKeXAsyeHscMAALCherxZT_n5bAlHyOgAX20A.mp4,260120,6.2,720x1280,不可用,仅可内嵌,积雪覆盖设备,筒体、厂区、磨损面,中景、固定机位,无法判断,无,高
水泥群,lQbPJwSsvkttYzsAALAw939HRgCffAlDGwBizloA.mp4,260116,7.2,720x1280,不可用,可全屏,,无,,无法判断,无,
水泥群,lQbPJyCHLomYm_sAALCNQA9Olw_pSQlDKEMmWvoA.mp4,260116,11.3,720x1280,过程证据,仅可内嵌,红色帽子作业,火花、刀具、人员、筒体、切屑、中景,中景、运动镜头、手持抖动,加工,无,高
焊接群,260419_01.mp4,260419,28.5,720x1280,验收闭环,仅可内嵌,回转窑在线车磨,量具、筒体、表盘、磨损面,中景、固定机位,复检,无,高
焊接群,260418_01.mp4,260418,47.7,544x960,不可用,不可用,污土裸露,无,中景,无法判断,无,高
化工钢铁群,lQbPJxdSrjIBwKEAALDubpCUwgsR7wmRLfhBJ7gA.mp4,260318,21.7,544x960,不可用,仅可内嵌,,无,,无法判断,无,
化工钢铁群,lQbPJwBED4O5fW0AALD5StVOvou_GwmErsPbMUgA.mp4,260308,21.2,544x960,过程证据,仅可内嵌,回转窑车磨削,火花、刀具、筒体、轮带,中景、固定机位,加工,无,高
化工钢铁群,lQbPKHPP7OnokdEAALCcK1e19YRFYQmP3x9e7BAA.mp4,260317,21.8,544x960,不可用,不可用,回转窑检修,筒体,中景,无法判断,无,高
化工钢铁群,lQbPKHXmtX8oQwUAALAi_VNG8fVJ1wmDdFxfe14B.mp4,260307,2.9,544x960,过程证据,仅可内嵌,工业焊接场景,火花、人员、筒体、焊接、厂区,中景、固定机位,焊接,无,高
化工钢铁群,lQbPJwNJIYznMJEAALBFPxax8Zc3FAmHUuAdB74A.mp4,260310,33.8,544x960,关键细节,仅可内嵌,回转窑车磨削,轮带、托轮、筒体、量具,大特写、固定机位,加工,无,高
化工钢铁群,lQbPKH_RG8elJykAALBu7A84bG9pswmJkZEFWhoA.mp4,260312,33.2,544x960,开场证据,仅可内嵌,现场检修画面,人员、轮带、托轮、筒体,中景、手持抖动,无法判断,人脸,高
化工钢铁群,lQbPJxzBTGeqGtkAALB1Sec5UdEEJAmMYF4JFOYA.mp4,260314,16.0,544x960,不可用,仅可内嵌,,无,,无法判断,无,
化工钢铁群,lQbPJwmJ11vhSUkAALApbB7Zd5QAeQmGIBZ278gA.mp4,260309,23.1,544x960,过程证据,仅可内嵌,回转窑检修现场,人员、轮带、托轮、筒体、切屑、磨损面,中景、手持抖动,加工,人脸,高
化工钢铁群,lQbPJwNjgXHH5WUAALBeGSFbmpW5igmDdHOFdA0A.mp4,260307,36.9,544x960,不可用,仅可内嵌,,无,,无法判断,无,
化工钢铁群,lQbPKHFjppTBdn0AALBDvmYezOruLAmEnMp4YeAA.mp4,260308,60.1,544x960,环境铺垫,仅可内嵌,窑筒体修复,人员、筒体、文字牌、轮带、托轮,中景、固定机位,无法判断,客户名称,高
化工钢铁群,lQbPJwjwIxba2IEAALAkOyciEZemiwmQYB0NtXgA.mp4,260317,15.1,544x960,过程证据,仅可内嵌,工业现场检修,筒体、轮带、托轮、刀具、磨损面,中景、手持抖动,加工,无,高
化工钢铁群,lQbPKH9a39OJJcUAALClZjQInovYpQmDOEaEcMEA.mp4,260307,8.1,544x960,过程证据,仅可内嵌,回转窑维修,筒体、轮带、托轮,固定机位,加工,无,高
化工钢铁群,lQbPJxOht0q75tEAALABCXKYcI4CugmP5j1NHN0A.mp4,260317,3.1,544x960,不可用,不可用,水泥行业检修,人员、筒体、加工纹面,中景、手持抖动,无法判断,无,高
化工钢铁群,lQbPKclKvLmcINcAALArENFQp_X7VwoNKMuNZP4A.mp4,260622,7.9,1280x720,不可用,可全屏,,无,,无法判断,无,
化工钢铁群,lQbPKIOnXNH_XscAALDMweTB-6FtVAoWHCNrw50A.mp4,260629,51.7,544x960,不可用,仅可内嵌,回转窑设备,轮带、托轮、齿轮、筒体,中景、手持抖动,无法判断,无,高
化工钢铁群,lQbPKITSlhog7scAALD51lTuX0YFugoWHCPSt50A.mp4,260629,30.1,568x320,不可用,仅可内嵌,,无,,无法判断,无,
水泥群,lQbPJv9x96K7si8AALAkFg1IGn8AoQo3YD3bp10A.mp4,260725,8.7,720x1280,环境铺垫,仅可内嵌,大型设备检修,人员、齿轮、筒体、轮带,中景、手持抖动,无法判断,人脸,高
水泥群,lQbPJw6mmr6XX8sAALDk7KwXEymfKwo-SwLfNu4A.mp4,260730,17.4,544x960,不可用,仅可内嵌,回转窑检修现场,轮带、筒体、齿轮、托轮、人员,大特写、手持抖动,无法判断,无,高
水泥群,lQbPJxr7ddlDj38AALCINfZbNUzylAoyJ0ptZOUA.mp4,260721,20.2,960x544,不可用,不可用,回转窑设备检修,轮带、筒体、架子,大特写,无法判断,无,高
水泥群,lQbPJxzUZcEL1cMAALBdGY10Ai0n4Ao6hMMYWG4A.mp4,260727,16.0,720x1280,过程证据,仅可内嵌,回转窑维修,人员、刀具、量具、轮带、筒体,固定机位、中景,测量,人脸,高
水泥群,lQbPJwwFlBD82rsAALCMSH_C30kxMAo7e30TVBMA.mp4,260728,8.6,1280x720,不可用,可全屏,,无,,无法判断,无,
水泥群,lQbPKGv9N_QV5_sAALB3MhH3iD2A-Ao8Goi0D5gA.mp4,260729,10.6,544x960,关键细节,仅可内嵌,齿轮特写,齿轮,大特写、固定机位,加工,无,高
水泥群,lQbPJv9y4GdYZ7sAALBJUVD6KgKBygpCG09vGAoA.mp4,260802,4.8,544x960,不可用,仅可内嵌,,无,,无法判断,无,
水泥群,lQbPJwTbIKfALrcAALCfN9NTVrV6Lgo2FWuI_iYA.mp4,260724,15.6,960x544,过程证据,仅可内嵌,设备检修现场,人员、筒体、轮带,中景,无法判断,人脸,高
水泥群,lQbPJv9x94ErOrMAALCIblTYS3ZvkAo9KyRw_CMA.mp4,260729,12.0,544x960,不可用,仅可内嵌,,无,,无法判断,无,
水泥群,lQbPJxGaZQkwm08AALAIHVyNslYPVAoxK9OkJJMA.mp4,260720,7.8,544x960,不可用,仅可内嵌,,无,,无法判断,无,
水泥群,lQbPJw1oR-YIaPMAALBpJ2mGew4V6Ao_weXvQI8A.mp4,260731,8.2,544x960,不可用,仅可内嵌,,无,,无法判断,无,
水泥群,lQbPKIHQPoskFHsAALAQNx1TDMUK6gooWy4IJF0A.mp4,260713,19.2,720x1280,环境铺垫,仅可内嵌,回转窑检修现场,筒体、吊装、厂区,中景、固定机位,无法判断,无,高
水泥群,lQbPKdTqmqvXcBcAALBikVkuDFl-kAoqtwDcyeEA.mp4,260715,8.4,720x1280,不可用,仅可内嵌,回转窑设备,齿轮、筒体、厂区,中景,无法判断,无,高
水泥群,lQbPJxtFISUNXiMAALBy4rg4w7_F4wpDQnC-ibYA.mp4,260803,6.3,720x1280,不可用,可全屏,,无,,无法判断,无,
水泥群,lQbPJxFHoV0H3_sAALChZnN-Fn5L8wo_QNtN8yQA.mp4,260731,22.1,544x960,不可用,仅可内嵌,,无,,无法判断,人脸,
焊接群,260430_01.mp4,260430,40.9,544x960,过程证据,仅可内嵌,回转窑检修素材,筒体、轮带、磨损面,中景、固定机位,加工,无,高
焊接群,260504_01.mp4,260504,2.4,544x960,不可用,仅可内嵌,,无,,无法判断,无,
焊接群,260501_01.mp4,260501,17.9,720x1280,不可用,不可用,回转窑筒体,筒体,固定机位,无法判断,无,高
化工钢铁群,lQbPJwPtv8fS1cMAALC0fogpM695tQn-uhL1HtUA.mp4,260611,9.8,720x1280,过程证据,仅可内嵌,工业焊接作业,火花、人员、筒体、焊接,中景、固定机位,焊接,无,高
化工钢铁群,lQbPKG9dPRmqDZ8AALAIAOAoGFumwQouzDs4BTkA.mp4,260718,7.0,720x1280,过程证据,可全屏,现场加工操作,火花、人员、筒体、加工纹面,中景、强对比,加工,人脸,高
化工钢铁群,lQbPJw8Kpht3Bl8AALA8XhQy3jZ7VgovA6_7f5QA.mp4,260718,11.2,720x1280,过程证据,仅可内嵌,回转窑车磨削,火花、人员、轮带、筒体,中景、手持抖动,加工,无,高
化工钢铁群,lQbPJwJbwK-5198AALBZHt-DwEa_TwornlCkbmYA.mp4,260716,5.6,720x1280,过程证据,仅可内嵌,回转窑检修,火花、刀具、人员、轮带、筒体,中景、固定机位,加工,人脸,高
化工钢铁群,lQbPJwjuUWcUXicAALB9msBkq7WsHQovjXAH-QIA.mp4,260719,4.2,720x1280,过程证据,仅可内嵌,回转窑检修,火花、人员、轮带、筒体、切屑,中景、固定机位,加工,人脸,高
化工钢铁群,lQbPKcwHDHjkRW8AALCvHDVobpwXpAn4v0JdjU0A.mp4,260606,4.6,720x1280,过程证据,仅可内嵌,工业维护现场,火花、人员、筒体、切屑,中景、手持抖动,加工,无,高
化工钢铁群,lQbPJwTjUAguHqMAALDQD6lN01SOTAn-_HwnJ8oA.mp4,260611,10.0,544x960,不可用,仅可内嵌,,无,,无法判断,无,
化工钢铁群,lQbPKIV3NH1P0KsAALDMiwd8V9AXDwn_3wRJ4eAA.mp4,260612,5.8,720x1280,过程证据,仅可内嵌,回转窑维修,火花、人员、轮带、托轮、筒体、文字牌,中景、手持抖动,加工,客户名称,高
化工钢铁群,lQbPJxULsecZbCMAALCUWQCHYJgYCwoBkb2a1OIA.mp4,260613,8.2,720x1280,环境铺垫,仅可内嵌,工业维修现场,人员、轮带、托轮、齿轮、筒体、吊装,中景、手持抖动,无法判断,人脸、客户名称,高
化工钢铁群,lQbPJwoRWymIMP8AALA1pdbbnnsOCgovD4w8XYwA.mp4,260718,4.2,720x1280,过程证据,仅可内嵌,车削作业,人员、轮带、刀具、筒体、焊接,中景、手持抖动,加工,无,高
化工钢铁群,260401_07.mp4,260401,8.8,544x960,不可用,仅可内嵌,窑体磨削,人员、筒体,中景、手持抖动,无法判断,无,高
化工钢铁群,260401_02.mp4,260401,16.6,544x960,不可用,仅可内嵌,,无,,无法判断,无,
化工钢铁群,260401_03.mp4,260401,22.5,544x960,不可用,仅可内嵌,,无,,无法判断,无,
化工钢铁群,260401_10.mp4,260401,23.3,544x960,验收闭环,仅可内嵌,现场测量,量具、筒体,大特写、手持抖动,测量,无,高
化工钢铁群,260401_06.mp4,260401,13.9,544x960,过程证据,仅可内嵌,回转窑车磨削,筒体、轮带、托轮,固定机位,加工,无,高
化工钢铁群,260401_08.mp4,260401,13.7,544x960,不可用,仅可内嵌,,无,,无法判断,无,
化工钢铁群,260401_09.mp4,260401,7.3,544x960,验收闭环,仅可内嵌,工业振动检测,量具,大特写、手持抖动,复检,无,高
化工钢铁群,260401_01.mp4,260401,8.0,544x960,环境铺垫,仅可内嵌,设备在线测量,量具、人员、筒体,中景、手持抖动,测量,无,高
化工钢铁群,260402_01.mp4,260402,14.6,544x960,环境铺垫,仅可内嵌,工厂内景,筒体、托轮、厂区、文字牌,全景、手持抖动,无法判断,无,高
化工钢铁群,260402_02.mp4,260402,15.8,544x960,环境铺垫,仅可内嵌,工厂内景,筒体、厂区、文字牌,手持抖动,无法判断,安全告示牌,高
化工钢铁群,260401_04.mp4,260401,9.5,544x960,不可用,仅可内嵌,,无,,无法判断,无,
化工钢铁群,260401_05.mp4,260401,6.8,544x960,过程证据,仅可内嵌,现场检修操作,量具、人员、轮带、托轮,中景、手持抖动,测量,人脸,高
化工钢铁群,lQbPJwPARmXCK18AALDuEdEaZ8fhnQn8ZyjmTQcA.mp4,260609,4.5,720x1280,不可用,仅可内嵌,回转窑检修,轮带、筒体、厂区,中景、固定机位,无法判断,无,高
化工钢铁群,lQbPJw1fL6oSqC8AALDIJlTzAnNm4wn8RS_dj0wA.mp4,260609,3.8,544x960,开场证据,仅可内嵌,回转窑设备,托轮、筒体、磨损面,手持抖动,测量,无,高
化工钢铁群,lQbPJwQ-scmJf18AALAyEWVU8Ce5GAn5g3nCB74A.mp4,260607,12.2,544x960,不可用,仅可内嵌,,无,,无法判断,无,
化工钢铁群,lQbPKIUnK2VECF8AALD-AuKyUCWTEwn8FlOA71sA.mp4,260609,11.0,720x1280,过程证据,仅可内嵌,设备切削修复,筒体、轮带,大特写、固定机位,加工,无,高
化工钢铁群,lQbPJwokdIiVJScAALCHax0vXLmfnQn6ukb-I14A.mp4,260608,14.8,544x960,关键细节,仅可内嵌,回转窑切削,刀具、量具、人员、轮带、筒体、加工纹面、磨损面,中景、固定机位,加工,无,高
化工钢铁群,lQbPKGSKAhPpBV8AALAV--Q7TyC4CAn8ZtiaC8kA.mp4,260609,8.8,544x960,不可用,仅可内嵌,回转窑车磨削,筒体、轮带、托轮、厂区、文字牌,固定机位,无法判断,打卡应用水印、精确地理位置,高
化工钢铁群,lQbPJx5JSkEOqx8AALDxv_YR5gPVlgn5g6PcxMIA.mp4,260607,11.8,544x960,过程证据,仅可内嵌,回转窑检修,刀具、量具、轮带、筒体、加工纹面、磨损面,固定机位、大特写,加工,无,高
化工钢铁群,lQbPKGz0mcQFea8AALAuf8QaiMeekAn1sr2-8iIA.mp4,260604,14.7,544x960,不可用,仅可内嵌,,无,,无法判断,无,
焊接群,260513_01.mp4,260513,11.3,544x960,过程证据,可全屏,在线车磨检修,人员、齿轮、筒体,中景,加工,无,高
焊接群,260501_01.mp4,260501,17.9,720x1280,不可用,不可用,回转窑筒体,筒体,固定机位,无法判断,无,高
焊接群,260514_02.mp4,260514,14.7,544x960,不可用,仅可内嵌,,无,,无法判断,无,
焊接群,260514_01.mp4,260514,14.9,544x960,过程证据,仅可内嵌,喷涂检测裂缝,人员、齿轮、筒体、加工纹面,中景、强对比,测量,无,高
焊接群,260505_01.mp4,260505,22.5,544x960,过程证据,仅可内嵌,回转窑检修,人员、筒体,中景、固定机位,加工,无,高
焊接群,260502_02.mp4,260502,10.4,544x960,不可用,仅可内嵌,,无,,无法判断,无,
焊接群,260504_01.mp4,260504,2.4,544x960,过程证据,仅可内嵌,工业维修现场,火花、刀具、量具、人员、轮带、筒体、切屑、加工纹面,中景、固定机位,加工,无,高
焊接群,260502_01.mp4,260502,16.2,544x960,不可用,仅可内嵌,,无,,无法判断,无,
焊接群,260506_01.mp4,260506,19.8,544x960,不可用,仅可内嵌,,无,,无法判断,无,
焊接群,260514_03.mp4,260514,14.3,544x960,过程证据,仅可内嵌,维修现场,人员、轮带、筒体,中景、固定机位,加工,无,高
焊接群,260504_02.mp4,260504,7.8,544x960,不可用,仅可内嵌,,无,,无法判断,无,
