文件名,资产路径
260118_01.jpg,assets/thumbs/260118_01.jpg
260130_01.jpg,assets/thumbs/260130_01.jpg
260130_02.jpg,assets/thumbs/260130_02.jpg
260130_03.jpg,assets/thumbs/260130_03.jpg
260131_01.jpg,assets/thumbs/260131_01.jpg
260131_02.jpg,assets/thumbs/260131_02.jpg
260131_03.jpg,assets/thumbs/260131_03.jpg
260131_04.jpg,assets/thumbs/260131_04.jpg
260131_05.jpg,assets/thumbs/260131_05.jpg
260131_06.jpg,assets/thumbs/260131_06.jpg
260131_07.jpg,assets/thumbs/260131_07.jpg
260131_08.jpg,assets/thumbs/260131_08.jpg
260131_09.jpg,assets/thumbs/260131_09.jpg
260131_10.jpg,assets/thumbs/260131_10.jpg
260131_11.jpg,assets/thumbs/260131_11.jpg
260213_01.jpg,assets/thumbs/260213_01.jpg
260214_01.jpg,assets/thumbs/260214_01.jpg
260216_01.jpg,assets/thumbs/260216_01.jpg
260216_02.jpg,assets/thumbs/260216_02.jpg
260217_01.jpg,assets/thumbs/260217_01.jpg
260217_02.jpg,assets/thumbs/260217_02.jpg
260217_03.jpg,assets/thumbs/260217_03.jpg
260217_04.jpg,assets/thumbs/260217_04.jpg
260217_05.jpg,assets/thumbs/260217_05.jpg
260218_01.jpg,assets/thumbs/260218_01.jpg
260218_02.jpg,assets/thumbs/260218_02.jpg
260218_03.jpg,assets/thumbs/260218_03.jpg
260218_04.jpg,assets/thumbs/260218_04.jpg
260219_01.jpg,assets/thumbs/260219_01.jpg
260219_02.jpg,assets/thumbs/260219_02.jpg
260219_03.jpg,assets/thumbs/260219_03.jpg
260220_01.jpg,assets/thumbs/260220_01.jpg
260220_02.jpg,assets/thumbs/260220_02.jpg
260220_03.jpg,assets/thumbs/260220_03.jpg
260221_01.jpg,assets/thumbs/260221_01.jpg
260221_02.jpg,assets/thumbs/260221_02.jpg
260222_01.jpg,assets/thumbs/260222_01.jpg
260222_02.jpg,assets/thumbs/260222_02.jpg
260222_03.jpg,assets/thumbs/260222_03.jpg
260222_04.jpg,assets/thumbs/260222_04.jpg
260223_01.jpg,assets/thumbs/260223_01.jpg
260223_02.jpg,assets/thumbs/260223_02.jpg
260223_03.jpg,assets/thumbs/260223_03.jpg
260223_04.jpg,assets/thumbs/260223_04.jpg
260223_05.jpg,assets/thumbs/260223_05.jpg
260224_01.jpg,assets/thumbs/260224_01.jpg
260224_02.jpg,assets/thumbs/260224_02.jpg
260225_01.jpg,assets/thumbs/260225_01.jpg
260225_02.jpg,assets/thumbs/260225_02.jpg
260225_03.jpg,assets/thumbs/260225_03.jpg
260227_01.jpg,assets/thumbs/260227_01.jpg
260227_02.jpg,assets/thumbs/260227_02.jpg
260227_03.jpg,assets/thumbs/260227_03.jpg
260307_01.jpg,assets/thumbs/260307_01.jpg
260309_01.jpg,assets/thumbs/260309_01.jpg
260309_02.jpg,assets/thumbs/260309_02.jpg
260309_03.jpg,assets/thumbs/260309_03.jpg
260309_04.jpg,assets/thumbs/260309_04.jpg
260312_01.jpg,assets/thumbs/260312_01.jpg
260312_02.jpg,assets/thumbs/260312_02.jpg
260312_03.jpg,assets/thumbs/260312_03.jpg
260312_04.jpg,assets/thumbs/260312_04.jpg
260312_05.jpg,assets/thumbs/260312_05.jpg
260313_01.jpg,assets/thumbs/260313_01.jpg
260314_01.jpg,assets/thumbs/260314_01.jpg
260314_02.jpg,assets/thumbs/260314_02.jpg
260315_01.jpg,assets/thumbs/260315_01.jpg
260319_01.jpg,assets/thumbs/260319_01.jpg
260319_02.jpg,assets/thumbs/260319_02.jpg
260324_01.jpg,assets/thumbs/260324_01.jpg
260325_01.jpg,assets/thumbs/260325_01.jpg
260327_01.jpg,assets/thumbs/260327_01.jpg
260327_02.jpg,assets/thumbs/260327_02.jpg
260327_03.jpg,assets/thumbs/260327_03.jpg
260327_04.jpg,assets/thumbs/260327_04.jpg
260328_01.jpg,assets/thumbs/260328_01.jpg
260328_02.jpg,assets/thumbs/260328_02.jpg
260329_01.jpg,assets/thumbs/260329_01.jpg
260329_02.jpg,assets/thumbs/260329_02.jpg
260329_03.jpg,assets/thumbs/260329_03.jpg
260331_01.jpg,assets/thumbs/260331_01.jpg
260331_02.jpg,assets/thumbs/260331_02.jpg
260331_03.jpg,assets/thumbs/260331_03.jpg
260331_04.jpg,assets/thumbs/260331_04.jpg
260401_01.jpg,assets/thumbs/260401_01.jpg
260401_02.jpg,assets/thumbs/260401_02.jpg
260401_03.jpg,assets/thumbs/260401_03.jpg
260401_04.jpg,assets/thumbs/260401_04.jpg
260401_05.jpg,assets/thumbs/260401_05.jpg
260401_06.jpg,assets/thumbs/260401_06.jpg
260401_07.jpg,assets/thumbs/260401_07.jpg
260401_08.jpg,assets/thumbs/260401_08.jpg
260401_09.jpg,assets/thumbs/260401_09.jpg
260401_10.jpg,assets/thumbs/260401_10.jpg
260402_01.jpg,assets/thumbs/260402_01.jpg
260402_02.jpg,assets/thumbs/260402_02.jpg
260402_03.jpg,assets/thumbs/260402_03.jpg
260402_04.jpg,assets/thumbs/260402_04.jpg
260403_01.jpg,assets/thumbs/260403_01.jpg
260403_02.jpg,assets/thumbs/260403_02.jpg
260404_01.jpg,assets/thumbs/260404_01.jpg
260404_02.jpg,assets/thumbs/260404_02.jpg
260405_01.jpg,assets/thumbs/260405_01.jpg
260405_02.jpg,assets/thumbs/260405_02.jpg
260405_03.jpg,assets/thumbs/260405_03.jpg
260406_01.jpg,assets/thumbs/260406_01.jpg
260407_01.jpg,assets/thumbs/260407_01.jpg
260407_02.jpg,assets/thumbs/260407_02.jpg
260407_03.jpg,assets/thumbs/260407_03.jpg
260407_04.jpg,assets/thumbs/260407_04.jpg
260407_05.jpg,assets/thumbs/260407_05.jpg
260407_06.jpg,assets/thumbs/260407_06.jpg
260407_07.jpg,assets/thumbs/260407_07.jpg
260407_08.jpg,assets/thumbs/260407_08.jpg
260407_09.jpg,assets/thumbs/260407_09.jpg
260410_01.jpg,assets/thumbs/260410_01.jpg
260410_02.jpg,assets/thumbs/260410_02.jpg
260412_01.jpg,assets/thumbs/260412_01.jpg
260412_02.jpg,assets/thumbs/260412_02.jpg
260413_01.jpg,assets/thumbs/260413_01.jpg
260414_01.jpg,assets/thumbs/260414_01.jpg
260415_01.jpg,assets/thumbs/260415_01.jpg
260415_02.jpg,assets/thumbs/260415_02.jpg
260418_01.jpg,assets/thumbs/260418_01.jpg
260419_01.jpg,assets/thumbs/260419_01.jpg
260423_01.jpg,assets/thumbs/260423_01.jpg
260424_01.jpg,assets/thumbs/260424_01.jpg
260425_01.jpg,assets/thumbs/260425_01.jpg
260425_02.jpg,assets/thumbs/260425_02.jpg
260425_03.jpg,assets/thumbs/260425_03.jpg
260425_04.jpg,assets/thumbs/260425_04.jpg
260425_05.jpg,assets/thumbs/260425_05.jpg
260426_01.jpg,assets/thumbs/260426_01.jpg
260426_02.jpg,assets/thumbs/260426_02.jpg
260426_03.jpg,assets/thumbs/260426_03.jpg
260427_01.jpg,assets/thumbs/260427_01.jpg
260427_02.jpg,assets/thumbs/260427_02.jpg
260428_01.jpg,assets/thumbs/260428_01.jpg
260430_01.jpg,assets/thumbs/260430_01.jpg
260501_01.jpg,assets/thumbs/260501_01.jpg
260502_01.jpg,assets/thumbs/260502_01.jpg
260502_02.jpg,assets/thumbs/260502_02.jpg
260504_01.jpg,assets/thumbs/260504_01.jpg
260504_02.jpg,assets/thumbs/260504_02.jpg
260505_01.jpg,assets/thumbs/260505_01.jpg
260506_01.jpg,assets/thumbs/260506_01.jpg
260513_01.jpg,assets/thumbs/260513_01.jpg
260514_01.jpg,assets/thumbs/260514_01.jpg
260514_02.jpg,assets/thumbs/260514_02.jpg
260514_03.jpg,assets/thumbs/260514_03.jpg
260616_01.jpg,assets/thumbs/260616_01.jpg
lQbPJv80Hyeu9J8AALA8iTd8ujT3UApRWnA6TUcA.jpg,assets/thumbs/lQbPJv80Hyeu9J8AALA8iTd8ujT3UApRWnA6TUcA.jpg
lQbPJv9Nlj7JtLMAALAPDCx3Gm8lVwomgxzkazgA.jpg,assets/thumbs/lQbPJv9Nlj7JtLMAALAPDCx3Gm8lVwomgxzkazgA.jpg
lQbPJv9x93Tp9ncAALAKwKwQrrnx_QpU7UCCBh0A.jpg,assets/thumbs/lQbPJv9x93Tp9ncAALAKwKwQrrnx_QpU7UCCBh0A.jpg
lQbPJv9x94ErOrMAALCIblTYS3ZvkAo9KyRw_CMA.jpg,assets/thumbs/lQbPJv9x94ErOrMAALCIblTYS3ZvkAo9KyRw_CMA.jpg
lQbPJv9x96K7si8AALAkFg1IGn8AoQo3YD3bp10A.jpg,assets/thumbs/lQbPJv9x96K7si8AALAkFg1IGn8AoQo3YD3bp10A.jpg
lQbPJv9y4GdYZ7sAALBJUVD6KgKBygpCG09vGAoA.jpg,assets/thumbs/lQbPJv9y4GdYZ7sAALBJUVD6KgKBygpCG09vGAoA.jpg
lQbPJv_M6odak-8AALBDgaJHOHNnQApK7tnSlswA.jpg,assets/thumbs/lQbPJv_M6odak-8AALBDgaJHOHNnQApK7tnSlswA.jpg
lQbPJw-dE7Z6K68AALB8ObBwUc7IKQpTpACqH_MA.jpg,assets/thumbs/lQbPJw-dE7Z6K68AALB8ObBwUc7IKQpTpACqH_MA.jpg
lQbPJw1fL6oSqC8AALDIJlTzAnNm4wn8RS_dj0wA.jpg,assets/thumbs/lQbPJw1fL6oSqC8AALDIJlTzAnNm4wn8RS_dj0wA.jpg
lQbPJw1oR-YIaPMAALBpJ2mGew4V6Ao_weXvQI8A.jpg,assets/thumbs/lQbPJw1oR-YIaPMAALBpJ2mGew4V6Ao_weXvQI8A.jpg
lQbPJw2WqlVvpF8AALDROGbN5KoIYwpNRjwQfgAA.jpg,assets/thumbs/lQbPJw2WqlVvpF8AALDROGbN5KoIYwpNRjwQfgAA.jpg
lQbPJw3xnW5L0DEAALBtdsGzl3gIRgnPAK4PEjYA.jpg,assets/thumbs/lQbPJw3xnW5L0DEAALBtdsGzl3gIRgnPAK4PEjYA.jpg
lQbPJw45dwPAdxMAALBT2vEzsUFLPAoFOjZodywA.jpg,assets/thumbs/lQbPJw45dwPAdxMAALBT2vEzsUFLPAoFOjZodywA.jpg
lQbPJw4nRmRBzoEAALAjwpK61MXJ5AnorD2W5xoA.jpg,assets/thumbs/lQbPJw4nRmRBzoEAALAjwpK61MXJ5AnorD2W5xoA.jpg
lQbPJw6mmr6XX8sAALDk7KwXEymfKwo-SwLfNu4A.jpg,assets/thumbs/lQbPJw6mmr6XX8sAALDk7KwXEymfKwo-SwLfNu4A.jpg
lQbPJw74dWpz318AALDJznBu0Z8nfQo34gToHEQA.jpg,assets/thumbs/lQbPJw74dWpz318AALDJznBu0Z8nfQo34gToHEQA.jpg
lQbPJw7CzIrXFS8AALCHGg6XYusdDgn4NN8xZikA.jpg,assets/thumbs/lQbPJw7CzIrXFS8AALCHGg6XYusdDgn4NN8xZikA.jpg
lQbPJw7U_Q4Ggk8AALA-jCVf6vdrxApIBD6tuV0A.jpg,assets/thumbs/lQbPJw7U_Q4Ggk8AALA-jCVf6vdrxApIBD6tuV0A.jpg
lQbPJw8Kpht3Bl8AALA8XhQy3jZ7VgovA6_7f5QA.jpg,assets/thumbs/lQbPJw8Kpht3Bl8AALA8XhQy3jZ7VgovA6_7f5QA.jpg
lQbPJwBED4O5fW0AALD5StVOvou_GwmErsPbMUgA.jpg,assets/thumbs/lQbPJwBED4O5fW0AALD5StVOvou_GwmErsPbMUgA.jpg
lQbPJwECJP5Plm8AALD4MB2sei1vCgn4Ni6F8c8A.jpg,assets/thumbs/lQbPJwECJP5Plm8AALD4MB2sei1vCgn4Ni6F8c8A.jpg
lQbPJwGEM82mxvUAALBNQsT5xnzppwnbHEQZm50A.jpg,assets/thumbs/lQbPJwGEM82mxvUAALBNQsT5xnzppwnbHEQZm50A.jpg
lQbPJwGMY1k-G3MAALCd519G8ZnKdwo-HGZ5wWUA.jpg,assets/thumbs/lQbPJwGMY1k-G3MAALCd519G8ZnKdwo-HGZ5wWUA.jpg
lQbPJwHKO93o_AEAALA39dR9m4uNXAnlA1FbwiMA.jpg,assets/thumbs/lQbPJwHKO93o_AEAALA39dR9m4uNXAnlA1FbwiMA.jpg
lQbPJwIvL_0wMHEAALA3GnI-f0IJcwni2m6E0nAA.jpg,assets/thumbs/lQbPJwIvL_0wMHEAALA3GnI-f0IJcwni2m6E0nAA.jpg
lQbPJwJTkR56-REAALAW5KX5Eq4QzgnPDEIYxewA.jpg,assets/thumbs/lQbPJwJTkR56-REAALAW5KX5Eq4QzgnPDEIYxewA.jpg
lQbPJwJbwK-5198AALBZHt-DwEa_TwornlCkbmYA.jpg,assets/thumbs/lQbPJwJbwK-5198AALBZHt-DwEa_TwornlCkbmYA.jpg
lQbPJwJlwdN0Rl8AALAqoyRNST7VkQn4UKShbdMA.jpg,assets/thumbs/lQbPJwJlwdN0Rl8AALAqoyRNST7VkQn4UKShbdMA.jpg
lQbPJwKJOiZG7hkAALA6DaEOVXCkfgngaj0R2U8A.jpg,assets/thumbs/lQbPJwKJOiZG7hkAALA6DaEOVXCkfgngaj0R2U8A.jpg
lQbPJwLl_uqw7ksAALDN3CpsEBGnZwpEfaEae8YA.jpg,assets/thumbs/lQbPJwLl_uqw7ksAALDN3CpsEBGnZwpEfaEae8YA.jpg
lQbPJwMlqSALZWkAALCk5KAkkbutMwnsvZu8R0AA.jpg,assets/thumbs/lQbPJwMlqSALZWkAALCk5KAkkbutMwnsvZu8R0AA.jpg
lQbPJwNJIYznMJEAALBFPxax8Zc3FAmHUuAdB74A.jpg,assets/thumbs/lQbPJwNJIYznMJEAALBFPxax8Zc3FAmHUuAdB74A.jpg
lQbPJwNSObRAfEkAALBsR42ISUO1wgns8J--5uwA.jpg,assets/thumbs/lQbPJwNSObRAfEkAALBsR42ISUO1wgns8J--5uwA.jpg
lQbPJwNjgXHH5WUAALBeGSFbmpW5igmDdHOFdA0A.jpg,assets/thumbs/lQbPJwNjgXHH5WUAALBeGSFbmpW5igmDdHOFdA0A.jpg
lQbPJwPARmXCK18AALDuEdEaZ8fhnQn8ZyjmTQcA.jpg,assets/thumbs/lQbPJwPARmXCK18AALDuEdEaZ8fhnQn8ZyjmTQcA.jpg
lQbPJwPbjzzuxIsAALCW_K6RxiihkgpELxc3T_YA.jpg,assets/thumbs/lQbPJwPbjzzuxIsAALCW_K6RxiihkgpELxc3T_YA.jpg
lQbPJwPtv8fS1cMAALC0fogpM695tQn-uhL1HtUA.jpg,assets/thumbs/lQbPJwPtv8fS1cMAALC0fogpM695tQn-uhL1HtUA.jpg
lQbPJwQ-scmJf18AALAyEWVU8Ce5GAn5g3nCB74A.jpg,assets/thumbs/lQbPJwQ-scmJf18AALAyEWVU8Ce5GAn5g3nCB74A.jpg
lQbPJwQQT1fZ3U8AALCS04_uLGJ_2QpUQyois4wA.jpg,assets/thumbs/lQbPJwQQT1fZ3U8AALCS04_uLGJ_2QpUQyois4wA.jpg
lQbPJwRbzGu51_cAALDhTvaajT3ZfgpU7T7XPq8A.jpg,assets/thumbs/lQbPJwRbzGu51_cAALDhTvaajT3ZfgpU7T7XPq8A.jpg
lQbPJwSsvkttYzsAALAw939HRgCffAlDGwBizloA.jpg,assets/thumbs/lQbPJwSsvkttYzsAALAw939HRgCffAlDGwBizloA.jpg
lQbPJwTbIKfALrcAALCfN9NTVrV6Lgo2FWuI_iYA.jpg,assets/thumbs/lQbPJwTbIKfALrcAALCfN9NTVrV6Lgo2FWuI_iYA.jpg
lQbPJwTjUAguHqMAALDQD6lN01SOTAn-_HwnJ8oA.jpg,assets/thumbs/lQbPJwTjUAguHqMAALDQD6lN01SOTAn-_HwnJ8oA.jpg
lQbPJwYf0Rf4NmsAALA8QczQ-Q62yQn_5RbMZOYA.jpg,assets/thumbs/lQbPJwYf0Rf4NmsAALA8QczQ-Q62yQn_5RbMZOYA.jpg
lQbPJwdNxQhqKucAALDmCi7ZBomXLgpPBaHUvS8A.jpg,assets/thumbs/lQbPJwdNxQhqKucAALDmCi7ZBomXLgpPBaHUvS8A.jpg
lQbPJwfEAPOnh30AALBSU0iG2iWueQnQojJ9TcYA.jpg,assets/thumbs/lQbPJwfEAPOnh30AALBSU0iG2iWueQnQojJ9TcYA.jpg
lQbPJwgEk8ft5OEAALDa87emeMwLFQnlTmlGjf0A.jpg,assets/thumbs/lQbPJwgEk8ft5OEAALDa87emeMwLFQnlTmlGjf0A.jpg
lQbPJwgL2o2BIXEAALANAW5ROG6Z1Qne5mE-pJkA.jpg,assets/thumbs/lQbPJwgL2o2BIXEAALANAW5ROG6Z1Qne5mE-pJkA.jpg
lQbPJwh4_h8EOP8AALA98N6SKQUeUQor2lkIHfEA.jpg,assets/thumbs/lQbPJwh4_h8EOP8AALA98N6SKQUeUQor2lkIHfEA.jpg
lQbPJwhBg5FjjxEAALCFgCRYBT4MJgnn-azho2sA.jpg,assets/thumbs/lQbPJwhBg5FjjxEAALCFgCRYBT4MJgnn-azho2sA.jpg
lQbPJwjT8S6nCW8AALC4Rl9HlDq_1gpK12Oaw3IA.jpg,assets/thumbs/lQbPJwjT8S6nCW8AALC4Rl9HlDq_1gpK12Oaw3IA.jpg
lQbPJwjuUWcUXicAALB9msBkq7WsHQovjXAH-QIA.jpg,assets/thumbs/lQbPJwjuUWcUXicAALB9msBkq7WsHQovjXAH-QIA.jpg
lQbPJwjwIxba2IEAALAkOyciEZemiwmQYB0NtXgA.jpg,assets/thumbs/lQbPJwjwIxba2IEAALAkOyciEZemiwmQYB0NtXgA.jpg
lQbPJwkJmkRgZQEAALB95CNEV3tgcAnorEgDZh8B.jpg,assets/thumbs/lQbPJwkJmkRgZQEAALB95CNEV3tgcAnorEgDZh8B.jpg
lQbPJwkbyt-TbzsAALDo60vMZquBAgo4e_THYqMA.jpg,assets/thumbs/lQbPJwkbyt-TbzsAALDo60vMZquBAgo4e_THYqMA.jpg
lQbPJwl4j4gGgdcAALAKTz7hd2CimgpVc9-4FWEA.jpg,assets/thumbs/lQbPJwl4j4gGgdcAALAKTz7hd2CimgpVc9-4FWEA.jpg
lQbPJwlALCfWmcMAALCYpe-ag_0tXQpHCI9uqC8A.jpg,assets/thumbs/lQbPJwlALCfWmcMAALCYpe-ag_0tXQpHCI9uqC8A.jpg
lQbPJwmJ11vhSUkAALApbB7Zd5QAeQmGIBZ278gA.jpg,assets/thumbs/lQbPJwmJ11vhSUkAALApbB7Zd5QAeQmGIBZ278gA.jpg
lQbPJwmS75fJDy8AALC-XaAiiIr6VgpIHrUzKh8A.jpg,assets/thumbs/lQbPJwmS75fJDy8AALC-XaAiiIr6VgpIHrUzKh8A.jpg
lQbPJwmtT8uow3kAALBult61csuMogng7gYBIgYA.jpg,assets/thumbs/lQbPJwmtT8uow3kAALBult61csuMogng7gYBIgYA.jpg
lQbPJwn34-2f55kAALCG2sYilVmOwAngakSR8yMA.jpg,assets/thumbs/lQbPJwn34-2f55kAALCG2sYilVmOwAngakSR8yMA.jpg
lQbPJwoRWymIMP8AALA1pdbbnnsOCgovD4w8XYwA.jpg,assets/thumbs/lQbPJwoRWymIMP8AALA1pdbbnnsOCgovD4w8XYwA.jpg
lQbPJwokdIiVJScAALCHax0vXLmfnQn6ukb-I14A.jpg,assets/thumbs/lQbPJwokdIiVJScAALCHax0vXLmfnQn6ukb-I14A.jpg
lQbPJwpH7PonsAEAALDuE6od6Jxo-gnlffhBIeEA.jpg,assets/thumbs/lQbPJwpH7PonsAEAALDuE6od6Jxo-gnlffhBIeEA.jpg
lQbPJwqHlxyD_xcAALBpdRJc5J4EWwnuEEc1gKsA.jpg,assets/thumbs/lQbPJwqHlxyD_xcAALBpdRJc5J4EWwnuEEc1gKsA.jpg
lQbPJwr3dW2gQncAALAsK767TzqW9wpVN2c7NhQA.jpg,assets/thumbs/lQbPJwr3dW2gQncAALAsK767TzqW9wpVN2c7NhQA.jpg
lQbPJwrRQmsAbbEAALB60mgBaeLMXgniTLEoQT0A.jpg,assets/thumbs/lQbPJwrRQmsAbbEAALB60mgBaeLMXgniTLEoQT0A.jpg
lQbPJwvqSv20Q2MAALCBzxJplsrQiApAO64u5A8A.jpg,assets/thumbs/lQbPJwvqSv20Q2MAALCBzxJplsrQiApAO64u5A8A.jpg
lQbPJwwFlBD82rsAALCMSH_C30kxMAo7e30TVBMA.jpg,assets/thumbs/lQbPJwwFlBD82rsAALCMSH_C30kxMAo7e30TVBMA.jpg
lQbPJwwXxL0W4ecAALDRdCST5iGc_wpU-GuiAcEA.jpg,assets/thumbs/lQbPJwwXxL0W4ecAALDRdCST5iGc_wpU-GuiAcEA.jpg
lQbPJwxFPhTVm_cAALAN3TkhxTNzMgpVMAH6a50A.jpg,assets/thumbs/lQbPJwxFPhTVm_cAALAN3TkhxTNzMgpVMAH6a50A.jpg
lQbPJwysA_jqRcMAALBvZRrm07-iFgpHCIw5o4sA.jpg,assets/thumbs/lQbPJwysA_jqRcMAALBvZRrm07-iFgpHCIw5o4sA.jpg
lQbPJx-Jbs55isMAALABRTTncnli6gpHCJF2S5MA.jpg,assets/thumbs/lQbPJx-Jbs55isMAALABRTTncnli6gpHCJF2S5MA.jpg
lQbPJx-QtXC5q8cAALDW_EpfDzshYQoyg-JYLcMA.jpg,assets/thumbs/lQbPJx-QtXC5q8cAALDW_EpfDzshYQoyg-JYLcMA.jpg
lQbPJx1lAeZucK8AALC83N6QLv7YyQpT741cO54A.jpg,assets/thumbs/lQbPJx1lAeZucK8AALC83N6QLv7YyQpT741cO54A.jpg
lQbPJx3dD2gKMZEAALADVeH7V6dkFwnla4OSyYgA.jpg,assets/thumbs/lQbPJx3dD2gKMZEAALADVeH7V6dkFwnla4OSyYgA.jpg
lQbPJx3kVjZfhY8AALAfJ_MitAcq_QpTqQItqacA.jpg,assets/thumbs/lQbPJx3kVjZfhY8AALAfJ_MitAcq_QpTqQItqacA.jpg
lQbPJx43GbZa-qEAALBbARM1L4b-ngnlSTeZL78A.jpg,assets/thumbs/lQbPJx43GbZa-qEAALBbARM1L4b-ngnlSTeZL78A.jpg
lQbPJx5JSkEOqx8AALDxv_YR5gPVlgn5g6PcxMIA.jpg,assets/thumbs/lQbPJx5JSkEOqx8AALDxv_YR5gPVlgn5g6PcxMIA.jpg
lQbPJx5lfB52nDEAALCuHYUjdI274gnrb9-QhFoA.jpg,assets/thumbs/lQbPJx5lfB52nDEAALCuHYUjdI274gnrb9-QhFoA.jpg
lQbPJx6IC6GPmK8AALC8WmjYQB58JAo3mwDONN4A.jpg,assets/thumbs/lQbPJx6IC6GPmK8AALC8WmjYQB58JAo3mwDONN4A.jpg
lQbPJx71L0x67hkAALBbmrR9ujJYVAngajgLq98A.jpg,assets/thumbs/lQbPJx71L0x67hkAALBbmrR9ujJYVAngajgLq98A.jpg
lQbPJx7i_q9-_rcAALAD8MCz3-8z6woTJzxC1mIA.jpg,assets/thumbs/lQbPJx7i_q9-_rcAALAD8MCz3-8z6woTJzxC1mIA.jpg
lQbPJx8-2oeE728AALB9Qx9R8dPahwpTtIWD-XkA.jpg,assets/thumbs/lQbPJx8-2oeE728AALB9Qx9R8dPahwpTtIWD-XkA.jpg
lQbPJx90g60hdMsAALDWAbLj_qwc6wpELFsi2IUA.jpg,assets/thumbs/lQbPJx90g60hdMsAALDWAbLj_qwc6wpELFsi2IUA.jpg
lQbPJxA3sPJp-KEAALBUnYNmG-WXPQnitq8JYxUA.jpg,assets/thumbs/lQbPJxA3sPJp-KEAALBUnYNmG-WXPQnitq8JYxUA.jpg
lQbPJxB2clFkVwcAALAgiBbM3-jMiApVAsaRUnsA.jpg,assets/thumbs/lQbPJxB2clFkVwcAALAgiBbM3-jMiApVAsaRUnsA.jpg
lQbPJxC41wG3rNkAALBEP4eJlPDnaQnkH3ehY6AA.jpg,assets/thumbs/lQbPJxC41wG3rNkAALBEP4eJlPDnaQnkH3ehY6AA.jpg
lQbPJxCj6-efmx0AALDLk5vQ_seUiQndKrzLw0QA.jpg,assets/thumbs/lQbPJxCj6-efmx0AALDLk5vQ_seUiQndKrzLw0QA.jpg
lQbPJxCj69wkvF8AALCF4UKfKXKHNwn5iM_0xpMA.jpg,assets/thumbs/lQbPJxCj69wkvF8AALCF4UKfKXKHNwn5iM_0xpMA.jpg
lQbPJxClvXy1iXkAALDkxofkcJMO4AnjvZoHYu4A.jpg,assets/thumbs/lQbPJxClvXy1iXkAALDkxofkcJMO4AnjvZoHYu4A.jpg
lQbPJxD2r3JwVz8AALAvhzuWj1Ju4gpNic8UGQcA.jpg,assets/thumbs/lQbPJxD2r3JwVz8AALAvhzuWj1Ju4gpNic8UGQcA.jpg
lQbPJxFHoV0H3_sAALChZnN-Fn5L8wo_QNtN8yQA.jpg,assets/thumbs/lQbPJxFHoV0H3_sAALChZnN-Fn5L8wo_QNtN8yQA.jpg
lQbPJxFIikBQqY8AALBolXWvt1sBLAoyEpWCuDMA.jpg,assets/thumbs/lQbPJxFIikBQqY8AALBolXWvt1sBLAoyEpWCuDMA.jpg
lQbPJxG-xkflCP8AALDqQwSxerbpAgn2D_eqIYkA.jpg,assets/thumbs/lQbPJxG-xkflCP8AALDqQwSxerbpAgn2D_eqIYkA.jpg
lQbPJxGaZQkwm08AALAIHVyNslYPVAoxK9OkJJMA.jpg,assets/thumbs/lQbPJxGaZQkwm08AALAIHVyNslYPVAoxK9OkJJMA.jpg
lQbPJxH1WBmkNbUAALC8fCuQYjYLOAneiz-1y4QA.jpg,assets/thumbs/lQbPJxH1WBmkNbUAALC8fCuQYjYLOAneiz-1y4QA.jpg
lQbPJxI-GoqzBrMAALCgXpa_-NsUGwo6Sddbv_gA.jpg,assets/thumbs/lQbPJxI-GoqzBrMAALCgXpa_-NsUGwo6Sddbv_gA.jpg
lQbPJxJHMuFp3RcAALDXxCs-YStHAApU6cZ0RNIA.jpg,assets/thumbs/lQbPJxJHMuFp3RcAALDXxCs-YStHAApU6cZ0RNIA.jpg
lQbPJxK9bqnkrrkAALC-plfDrL4inwntI-_Tkt8A.jpg,assets/thumbs/lQbPJxK9bqnkrrkAALC-plfDrL4inwntI-_Tkt8A.jpg
lQbPJxNXIyuGDvEAALDhPOeR4NpXfwnPVaD8SUcA.jpg,assets/thumbs/lQbPJxNXIyuGDvEAALDhPOeR4NpXfwnPVaD8SUcA.jpg
lQbPJxNgO1awjfsAALDWFTL9JvKZ6wn9PfD74SwA.jpg,assets/thumbs/lQbPJxNgO1awjfsAALDWFTL9JvKZ6wn9PfD74SwA.jpg
lQbPJxOht0q75tEAALABCXKYcI4CugmP5j1NHN0A.jpg,assets/thumbs/lQbPJxOht0q75tEAALABCXKYcI4CugmP5j1NHN0A.jpg
lQbPJxQfOewZ7nkAALCjqhbWqQq96AngmXtJXUAA.jpg,assets/thumbs/lQbPJxQfOewZ7nkAALCjqhbWqQq96AngmXtJXUAA.jpg
lQbPJxS7qKbsqJkAALCVOwXSqOX6zgnsnZ8yk9gA.jpg,assets/thumbs/lQbPJxS7qKbsqJkAALCVOwXSqOX6zgnsnZ8yk9gA.jpg
lQbPJxSMXabui7EAALBdRvcQ8sRZYwne7G9-waYA.jpg,assets/thumbs/lQbPJxSMXabui7EAALBdRvcQ8sRZYwne7G9-waYA.jpg
lQbPJxSeji1Z2GcAALBKT0w3lCFWqgnt9qgA4YwA.jpg,assets/thumbs/lQbPJxSeji1Z2GcAALBKT0w3lCFWqgnt9qgA4YwA.jpg
lQbPJxTeOFUIHrEAALDVZzSAyPqyXwniTLFxMHYA.jpg,assets/thumbs/lQbPJxTeOFUIHrEAALDVZzSAyPqyXwniTLFxMHYA.jpg
lQbPJxULsecZbCMAALCUWQCHYJgYCwoBkb2a1OIA.jpg,assets/thumbs/lQbPJxULsecZbCMAALCUWQCHYJgYCwoBkb2a1OIA.jpg
lQbPJxWDv5Ae-0EAALCVsjA0HcByjwnlfYUJT-YA.jpg,assets/thumbs/lQbPJxWDv5Ae-0EAALCVsjA0HcByjwnlfYUJT-YA.jpg
lQbPJxXMgeYrB2MAALCKIUEIrof8OAobEN9LwyYA.jpg,assets/thumbs/lQbPJxXMgeYrB2MAALCKIUEIrof8OAobEN9LwyYA.jpg
lQbPJxY30_lDt0cAALCUyL_j5GK0VQpOwrSViFcA.jpg,assets/thumbs/lQbPJxY30_lDt0cAALCUyL_j5GK0VQpOwrSViFcA.jpg
lQbPJxYCKwkZ7AEAALBtXr4QQeZWTgnorDXa4CoA.jpg,assets/thumbs/lQbPJxYCKwkZ7AEAALBtXr4QQeZWTgnorDXa4CoA.jpg
lQbPJxYciv5TY7MAALDxP1IGIgjiugokVaOfMkAA.jpg,assets/thumbs/lQbPJxYciv5TY7MAALDxP1IGIgjiugokVaOfMkAA.jpg
lQbPJx_rqG3nCu8AALA8CIObpCDTDAnvWhs-Xu4A.jpg,assets/thumbs/lQbPJx_rqG3nCu8AALA8CIObpCDTDAnvWhs-Xu4A.jpg
lQbPJxdSrjIBwKEAALDubpCUwgsR7wmRLfhBJ7gA.jpg,assets/thumbs/lQbPJxdSrjIBwKEAALDubpCUwgsR7wmRLfhBJ7gA.jpg
lQbPJxjIe7qSQZ8AALB8P039-wXKVwn1k80jYPgA.jpg,assets/thumbs/lQbPJxjIe7qSQZ8AALB8P039-wXKVwn1k80jYPgA.jpg
lQbPJxm8OlGAZgsAALBgoy0nnYOT1An9ZyeWnvsA.jpg,assets/thumbs/lQbPJxm8OlGAZgsAALBgoy0nnYOT1An9ZyeWnvsA.jpg
lQbPJxnps8j1kfsAALDgJ88LIVOYrQo4e-h5L7gA.jpg,assets/thumbs/lQbPJxnps8j1kfsAALDgJ88LIVOYrQo4e-h5L7gA.jpg
lQbPJxpYqSNX1oEAALBCHDMXaXq4pwniay9-52QA.jpg,assets/thumbs/lQbPJxpYqSNX1oEAALBCHDMXaXq4pwniay9-52QA.jpg
lQbPJxqFOdlswakAALAJSZys2VUmNgntPaKVWY8A.jpg,assets/thumbs/lQbPJxqFOdlswakAALAJSZys2VUmNgntPaKVWY8A.jpg
lQbPJxr7ddlDj38AALCINfZbNUzylAoyJ0ptZOUA.jpg,assets/thumbs/lQbPJxr7ddlDj38AALCINfZbNUzylAoyJ0ptZOUA.jpg
lQbPJxsMvaPT9hkAALDD7qGYFN2soQnJ-nX3LwwA.jpg,assets/thumbs/lQbPJxsMvaPT9hkAALDD7qGYFN2soQnJ-nX3LwwA.jpg
lQbPJxtFISUNXiMAALBy4rg4w7_F4wpDQnC-ibYA.jpg,assets/thumbs/lQbPJxtFISUNXiMAALBy4rg4w7_F4wpDQnC-ibYA.jpg
lQbPJxtMZ8HbuHkAALBruPRCl__MKwngmYt3yUQA.jpg,assets/thumbs/lQbPJxtMZ8HbuHkAALBruPRCl__MKwngmYt3yUQA.jpg
lQbPJxwef6Sw_jEAALCrRF2RW8oFbgmjwpd54yQA.jpg,assets/thumbs/lQbPJxwef6Sw_jEAALCrRF2RW8oFbgmjwpd54yQA.jpg
lQbPJxwfaIWNxYsAALA-fXyDHLX-8wpEPIpcwzYA.jpg,assets/thumbs/lQbPJxwfaIWNxYsAALA-fXyDHLX-8wpEPIpcwzYA.jpg
lQbPJxx5cqTZGkkAALAwC1LnSd8g5QngbqXU-2EA.jpg,assets/thumbs/lQbPJxx5cqTZGkkAALAwC1LnSd8g5QngbqXU-2EA.jpg
lQbPJxxdQQa3bpkAALA70kvJ2dinAgnsgBdmVMUA.jpg,assets/thumbs/lQbPJxxdQQa3bpkAALA70kvJ2dinAgnsgBdmVMUA.jpg
lQbPJxyT0uQfMa8AALArULDvH339VwpK7kQhUM0A.jpg,assets/thumbs/lQbPJxyT0uQfMa8AALArULDvH339VwpK7kQhUM0A.jpg
lQbPJxzBTGeqGtkAALB1Sec5UdEEJAmMYF4JFOYA.jpg,assets/thumbs/lQbPJxzBTGeqGtkAALB1Sec5UdEEJAmMYF4JFOYA.jpg
lQbPJxzKZJcRE6EAALBcbbZHBZqidAnnv_WyiLQA.jpg,assets/thumbs/lQbPJxzKZJcRE6EAALBcbbZHBZqidAnnv_WyiLQA.jpg
lQbPJxzUZcEL1cMAALBdGY10Ai0n4Ao6hMMYWG4A.jpg,assets/thumbs/lQbPJxzUZcEL1cMAALBdGY10Ai0n4Ao6hMMYWG4A.jpg
lQbPJxzwl44EO5UAALBejQ2cxfd49AnbHm2QOaAA.jpg,assets/thumbs/lQbPJxzwl44EO5UAALBejQ2cxfd49AnbHm2QOaAA.jpg
lQbPJyAhUXxNJOsAALD_m7r5USygzApEek9gjaQA.jpg,assets/thumbs/lQbPJyAhUXxNJOsAALD_m7r5USygzApEek9gjaQA.jpg
lQbPJyCHLomYm_sAALCNQA9Olw_pSQlDKEMmWvoA.jpg,assets/thumbs/lQbPJyCHLomYm_sAALCNQA9Olw_pSQlDKEMmWvoA.jpg
lQbPJyD-U0b9psMAALBjz73VNQl7fgpHCI1hD6wA.jpg,assets/thumbs/lQbPJyD-U0b9psMAALBjz73VNQl7fgpHCI1hD6wA.jpg
lQbPJyGgN0ce1M8AALCFlMRJTEBoKAo39sBAkvwA.jpg,assets/thumbs/lQbPJyGgN0ce1M8AALCFlMRJTEBoKAo39sBAkvwA.jpg
lQbPJyInuvN2Am8AALDXze1N9l4WEAo3Wy55vUEA.jpg,assets/thumbs/lQbPJyInuvN2Am8AALDXze1N9l4WEAo3Wy55vUEA.jpg
lQbPJyJ7Z2_VyMcAALADwXQtsX-sZQoOPOOFH68A.jpg,assets/thumbs/lQbPJyJ7Z2_VyMcAALADwXQtsX-sZQoOPOOFH68A.jpg
lQbPJyJqH6ix7KEAALDmAutqmhAkUgnk6mbe0ScA.jpg,assets/thumbs/lQbPJyJqH6ix7KEAALDmAutqmhAkUgnk6mbe0ScA.jpg
lQbPKG-4L_ZCvF8AALC_WqFrYfTi1gpKwK7BHUgA.jpg,assets/thumbs/lQbPKG-4L_ZCvF8AALC_WqFrYfTi1gpKwK7BHUgA.jpg
lQbPKG1zBVZwQUEAALC9JsB1stRNtAnn2CvEMQUA.jpg,assets/thumbs/lQbPKG1zBVZwQUEAALC9JsB1stRNtAnn2CvEMQUA.jpg
lQbPKG2ETRuAGBkAALA849u8lYtYrQnJ-nyjWZ0A.jpg,assets/thumbs/lQbPKG2ETRuAGBkAALA849u8lYtYrQnJ-nyjWZ0A.jpg
lQbPKG38WscV_lcAALBagRURn74lTwotAjcUxVUA.jpg,assets/thumbs/lQbPKG38WscV_lcAALBagRURn74lTwotAjcUxVUA.jpg
lQbPKG4V0gbXK1cAALD8gvlNPMYHngpVdADaMs4A.jpg,assets/thumbs/lQbPKG4V0gbXK1cAALD8gvlNPMYHngpVdADaMs4A.jpg
lQbPKG86rW1nrz8AALC8oLFKU532zQn2D-JYyLIA.jpg,assets/thumbs/lQbPKG86rW1nrz8AALC8oLFKU532zQn2D-JYyLIA.jpg
lQbPKG8vw3brsBkAALAuDGXgfPv0HQnndfARjDcA.jpg,assets/thumbs/lQbPKG8vw3brsBkAALAuDGXgfPv0HQnndfARjDcA.jpg
lQbPKG9dPRmqDZ8AALAIAOAoGFumwQouzDs4BTkA.jpg,assets/thumbs/lQbPKG9dPRmqDZ8AALAIAOAoGFumwQouzDs4BTkA.jpg
lQbPKGMBGznkwvEAALDb7WeGCRtLswmjakhf-4kA.jpg,assets/thumbs/lQbPKGMBGznkwvEAALDb7WeGCRtLswmjakhf-4kA.jpg
lQbPKGMTS8WerRUAALDT5gHlMSP7LAnbHoEv4KEA.jpg,assets/thumbs/lQbPKGMTS8WerRUAALDT5gHlMSP7LAnbHoEv4KEA.jpg
lQbPKGOk0KOLGA8AALCNm1nYPd0j4gn4exnMxjQA.jpg,assets/thumbs/lQbPKGOk0KOLGA8AALCNm1nYPd0j4gn4exnMxjQA.jpg
lQbPKGQ1bNiAlGMAALA1zmMrT6ZjoAompKqJR6QA.jpg,assets/thumbs/lQbPKGQ1bNiAlGMAALA1zmMrT6ZjoAompKqJR6QA.jpg
lQbPKGQJxP2EOMkAALCEXa8e76qmmwnjq5g0lEMA.jpg,assets/thumbs/lQbPKGQJxP2EOMkAALCEXa8e76qmmwnjq5g0lEMA.jpg
lQbPKGSKAhPpBV8AALAV--Q7TyC4CAn8ZtiaC8kA.jpg,assets/thumbs/lQbPKGSKAhPpBV8AALAV--Q7TyC4CAn8ZtiaC8kA.jpg
lQbPKG_mkm4a170AALAy6s40od3XiQnZ2Uka5-AA.jpg,assets/thumbs/lQbPKG_mkm4a170AALAy6s40od3XiQnZ2Uka5-AA.jpg
lQbPKGbWc3IiU4cAALA0sqNGJJMJSApU9cOvUO0A.jpg,assets/thumbs/lQbPKGbWc3IiU4cAALA0sqNGJJMJSApU9cOvUO0A.jpg
lQbPKGc7Z8C1ys8AALBBGKponmS6TQpNYQ9FQ6YA.jpg,assets/thumbs/lQbPKGc7Z8C1ys8AALBBGKponmS6TQpNYQ9FQ6YA.jpg
lQbPKGlvSotvzqEAALD_tvNE5CKnLgnPMjQisBgA.jpg,assets/thumbs/lQbPKGlvSotvzqEAALD_tvNE5CKnLgnPMjQisBgA.jpg
lQbPKGtZgl2jH9EAALBR75rlhXGIRAnPGlB2S0QA.jpg,assets/thumbs/lQbPKGtZgl2jH9EAALBR75rlhXGIRAnPGlB2S0QA.jpg
lQbPKGv9N_QV5_sAALB3MhH3iD2A-Ao8Goi0D5gA.jpg,assets/thumbs/lQbPKGv9N_QV5_sAALB3MhH3iD2A-Ao8Goi0D5gA.jpg
lQbPKGz0mcQFea8AALAuf8QaiMeekAn1sr2-8iIA.jpg,assets/thumbs/lQbPKGz0mcQFea8AALAuf8QaiMeekAn1sr2-8iIA.jpg
lQbPKH2nOdEsOs8AALCQHbyllmi97gpIBDE3aycA.jpg,assets/thumbs/lQbPKH2nOdEsOs8AALCQHbyllmi97gpIBDE3aycA.jpg
lQbPKH4BQ_r7BHsAALADGqOU7zbR2wocwRi58voA.jpg,assets/thumbs/lQbPKH4BQ_r7BHsAALADGqOU7zbR2wocwRi58voA.jpg
lQbPKH5A7jITUy8AALCJsCw33UbE_gosAE2GskIA.jpg,assets/thumbs/lQbPKH5A7jITUy8AALCJsCw33UbE_gosAE2GskIA.jpg
lQbPKH9a39OJJcUAALClZjQInovYpQmDOEaEcMEA.jpg,assets/thumbs/lQbPKH9a39OJJcUAALClZjQInovYpQmDOEaEcMEA.jpg
lQbPKHBAnKunRE8AALD54Wxz_XV1AwpK6vfJ9MQA.jpg,assets/thumbs/lQbPKHBAnKunRE8AALD54Wxz_XV1AwpK6vfJ9MQA.jpg
lQbPKHFjppTBdn0AALBDvmYezOruLAmEnMp4YeAA.jpg,assets/thumbs/lQbPKHFjppTBdn0AALBDvmYezOruLAmEnMp4YeAA.jpg
lQbPKHGsaQWb5n8AALA5ZHN8aervegoYTecHOoAA.jpg,assets/thumbs/lQbPKHGsaQWb5n8AALA5ZHN8aervegoYTecHOoAA.jpg
lQbPKHNOxxFFSkEAALAu2Ge8VNl7lwnlfvDX4l8A.jpg,assets/thumbs/lQbPKHNOxxFFSkEAALAu2Ge8VNl7lwnlfvDX4l8A.jpg
lQbPKHPP7OnokdEAALCcK1e19YRFYQmP3x9e7BAA.jpg,assets/thumbs/lQbPKHPP7OnokdEAALCcK1e19YRFYQmP3x9e7BAA.jpg
lQbPKHPpZFMHlUsAALCnVTisVSjc8wn9dhdcAfYA.jpg,assets/thumbs/lQbPKHPpZFMHlUsAALCnVTisVSjc8wn9dhdcAfYA.jpg
lQbPKHSOAniwMtMAALDVOqqZezxNkgpATKa1_dUA.jpg,assets/thumbs/lQbPKHSOAniwMtMAALDVOqqZezxNkgpATKa1_dUA.jpg
lQbPKHSY7JJXYxUAALDJ0cM_M2LvAgnbHnUnu2gA.jpg,assets/thumbs/lQbPKHSY7JJXYxUAALDJ0cM_M2LvAgnbHnUnu2gA.jpg
lQbPKHWVw3UyP_EAALAJNIAKMXbo7wninK34s1QA.jpg,assets/thumbs/lQbPKHWVw3UyP_EAALAJNIAKMXbo7wninK34s1QA.jpg
lQbPKHXmtX8oQwUAALAi_VNG8fVJ1wmDdFxfe14B.jpg,assets/thumbs/lQbPKHXmtX8oQwUAALAi_VNG8fVJ1wmDdFxfe14B.jpg
lQbPKHXohw7S97sAALAlYgXE09gyqQn8oU1nk-cA.jpg,assets/thumbs/lQbPKHXohw7S97sAALAlYgXE09gyqQn8oU1nk-cA.jpg
lQbPKH_RG8elJykAALBu7A84bG9pswmJkZEFWhoA.jpg,assets/thumbs/lQbPKH_RG8elJykAALBu7A84bG9pswmJkZEFWhoA.jpg
lQbPKHiHu_w5rx8AALDvsSzX-kuPcQn8FWw98RYA.jpg,assets/thumbs/lQbPKHiHu_w5rx8AALDvsSzX-kuPcQn8FWw98RYA.jpg
lQbPKHn1WfYhBDsAALAhoOdw9CWZ9An9iceYB-YA.jpg,assets/thumbs/lQbPKHn1WfYhBDsAALAhoOdw9CWZ9An9iceYB-YA.jpg
lQbPKHo0G10sI-8AALAOUrcJ6fGSsApK7qUk-gcA.jpg,assets/thumbs/lQbPKHo0G10sI-8AALAOUrcJ6fGSsApK7qUk-gcA.jpg
lQbPKHrzGbp8IA8AALBpgdIOfUNVUQoVDxje2igA.jpg,assets/thumbs/lQbPKHrzGbp8IA8AALBpgdIOfUNVUQoVDxje2igA.jpg
lQbPKHuxL2SHWsMAALBcSNAbrLxH8QpHCJBEVKMA.jpg,assets/thumbs/lQbPKHuxL2SHWsMAALBcSNAbrLxH8QpHCJBEVKMA.jpg
lQbPKHwDCgXqS8kAALDTzqyEQ4E4VQnmr6WwjrAA.jpg,assets/thumbs/lQbPKHwDCgXqS8kAALDTzqyEQ4E4VQnmr6WwjrAA.jpg
lQbPKICGGRQRbGkAALCEvtGVt_kt8wnhUw7sf-QA.jpg,assets/thumbs/lQbPKICGGRQRbGkAALCEvtGVt_kt8wnhUw7sf-QA.jpg
lQbPKID8VRLqfAsAALD2l7ZtaR6TLAoJYTSLvyMA.jpg,assets/thumbs/lQbPKID8VRLqfAsAALD2l7ZtaR6TLAoJYTSLvyMA.jpg
lQbPKIDFw0BXl0sAALAEUqz7B-dDMQoJYLJG140A.jpg,assets/thumbs/lQbPKIDFw0BXl0sAALAEUqz7B-dDMQoJYLJG140A.jpg
lQbPKIFFF3eq0McAALDMHlI9Z2dq8gpU9e1AYMAA.jpg,assets/thumbs/lQbPKIFFF3eq0McAALDMHlI9Z2dq8gpU9e1AYMAA.jpg
lQbPKIHQPoskFHsAALAQNx1TDMUK6gooWy4IJF0A.jpg,assets/thumbs/lQbPKIHQPoskFHsAALAQNx1TDMUK6gooWy4IJF0A.jpg
lQbPKIIodxiSs-8AALCU2CX5FEn-2Qo4Ca6Zz44A.jpg,assets/thumbs/lQbPKIIodxiSs-8AALCU2CX5FEn-2Qo4Ca6Zz44A.jpg
lQbPKIJ6UeS8QNEAALAG_vHdQL5anAnmFN3AcgwA.jpg,assets/thumbs/lQbPKIJ6UeS8QNEAALAG_vHdQL5anAnmFN3AcgwA.jpg
lQbPKILE5gOSzvEAALD70PYAg-sF4gnMlzsJyHQA.jpg,assets/thumbs/lQbPKILE5gOSzvEAALD70PYAg-sF4gnMlzsJyHQA.jpg
lQbPKILyX4zvmrEAALAWDIUdxSocjAmjwo-1_LgA.jpg,assets/thumbs/lQbPKILyX4zvmrEAALAWDIUdxSocjAmjwo-1_LgA.jpg
lQbPKIML1q5F0A8AALBfQQeVQ7qBwQnvwbir28oA.jpg,assets/thumbs/lQbPKIML1q5F0A8AALBfQQeVQ7qBwQnvwbir28oA.jpg
lQbPKIOnXNH_XscAALDMweTB-6FtVAoWHCNrw50A.jpg,assets/thumbs/lQbPKIOnXNH_XscAALDMweTB-6FtVAoWHCNrw50A.jpg
lQbPKISJ044_k2kAALBR7Fwpfo2JxwntA-yyVSIA.jpg,assets/thumbs/lQbPKISJ044_k2kAALBR7Fwpfo2JxwntA-yyVSIA.jpg
lQbPKITSlhog7scAALD51lTuX0YFugoWHCPSt50A.jpg,assets/thumbs/lQbPKITSlhog7scAALD51lTuX0YFugoWHCPSt50A.jpg
lQbPKIUKEKgbyI8AALCAO8jn86XjkQoPxZf2O0QA.jpg,assets/thumbs/lQbPKIUKEKgbyI8AALCAO8jn86XjkQoPxZf2O0QA.jpg
lQbPKIUnK2VECF8AALD-AuKyUCWTEwn8FlOA71sA.jpg,assets/thumbs/lQbPKIUnK2VECF8AALD-AuKyUCWTEwn8FlOA71sA.jpg
lQbPKIV3NH1P0KsAALDMiwd8V9AXDwn_3wRJ4eAA.jpg,assets/thumbs/lQbPKIV3NH1P0KsAALDMiwd8V9AXDwn_3wRJ4eAA.jpg
lQbPKcjegfjIip8AALCEeBE3t1Ul6QoUnGMqhWUA.jpg,assets/thumbs/lQbPKcjegfjIip8AALCEeBE3t1Ul6QoUnGMqhWUA.jpg
lQbPKclKvLmcINcAALArENFQp_X7VwoNKMuNZP4A.jpg,assets/thumbs/lQbPKclKvLmcINcAALArENFQp_X7VwoNKMuNZP4A.jpg
lQbPKcnnK7XafqsAALBuBo4p2cKwwgo8lDY56IcA.jpg,assets/thumbs/lQbPKcnnK7XafqsAALBuBo4p2cKwwgo8lDY56IcA.jpg
lQbPKcwHDHjkRW8AALCvHDVobpwXpAn4v0JdjU0A.jpg,assets/thumbs/lQbPKcwHDHjkRW8AALCvHDVobpwXpAn4v0JdjU0A.jpg
lQbPKdIaSNlDN2MAALAH1qMPDuGAcAo544cPD1cA.jpg,assets/thumbs/lQbPKdIaSNlDN2MAALAH1qMPDuGAcAo544cPD1cA.jpg
lQbPKdKQhKwYKXsAALDMaHJXoZqVnQo4utAnEKoA.jpg,assets/thumbs/lQbPKdKQhKwYKXsAALDMaHJXoZqVnQo4utAnEKoA.jpg
lQbPKdMiCawtwskAALBV0JOPoQKMUwnjq6Y4XpoA.jpg,assets/thumbs/lQbPKdMiCawtwskAALBV0JOPoQKMUwnjq6Y4XpoA.jpg
lQbPKdNabQmrBpsAALAbQBYJqxS0ewoAB4-YzIAA.jpg,assets/thumbs/lQbPKdNabQmrBpsAALAbQBYJqxS0ewoAB4-YzIAA.jpg
lQbPKdTFUIzGDVEAALBG4Y0_zeqCPgnPEwh3PDQA.jpg,assets/thumbs/lQbPKdTFUIzGDVEAALBG4Y0_zeqCPgnPEwh3PDQA.jpg
lQbPKdTqmqvXcBcAALBikVkuDFl-kAoqtwDcyeEA.jpg,assets/thumbs/lQbPKdTqmqvXcBcAALBikVkuDFl-kAoqtwDcyeEA.jpg
lQbPKdyfTFpBTdEAALA_bg-ylfeDMQnPH-KlWI4A.jpg,assets/thumbs/lQbPKdyfTFpBTdEAALA_bg-ylfeDMQnPH-KlWI4A.jpg
lQbPKeXAsyeHscMAALCherxZT_n5bAlHyOgAX20A.jpg,assets/thumbs/lQbPKeXAsyeHscMAALCherxZT_n5bAlHyOgAX20A.jpg
lQbPKeZaZ1oni68AALDqtesQ-uhPnQpT74BhrhkA.jpg,assets/thumbs/lQbPKeZaZ1oni68AALDqtesQ-uhPnQpT74BhrhkA.jpg
lQbPKedrQLfWyv8AALA-ubj7hSGxjAnzkt0wrtwA.jpg,assets/thumbs/lQbPKedrQLfWyv8AALA-ubj7hSGxjAnzkt0wrtwA.jpg
lQbPKejN9I4xUGMAALDFYM3udvJUDgompKgpk4wA.jpg,assets/thumbs/lQbPKejN9I4xUGMAALDFYM3udvJUDgompKgpk4wA.jpg
