项目,文件名,日期,扩展名,文档类型,描述,页数或行数,字数,工序阶段,脱敏风险,摘要,置信度
内部群,内部_承诺书_260626_01.doc,260626,doc,证明材料,承诺书,0,1310,无法判断,无,压力管道安装单位安全承诺书 根据《中华人民共和国特种设备安全法》、《特种设备生产单位落实质量安全主体责任监督管理规定》（国家市场监管总局令第73号）、《特种设备使用管理规则》、《工业管道安全技术规程》,高
内部群,内部_投标记录_260324_01.xlsx,260322,xlsx,投标记录,投标记录,,,无法判断,金额报价,,高
内部群,内部_投标记录_260319_01.xlsx,260319,xlsx,投标记录,投标记录,,,无法判断,无,,高
内部群,内部_报价单_260303_06.xlsx,260303,xlsx,报价单,报价单,,,无法判断,金额报价,,高
内部群,内部_报价单_260311_01.xls,260311,xls,报价单,报价单,,,无法判断,金额报价,,高
内部群,内部_投标记录_260325_01.xlsx,260326,xlsx,投标记录,投标记录,,,无法判断,金额报价,,高
内部群,内部_投标记录_260326_01.xlsx,260306,xlsx,投标记录,投标记录,,,无法判断,金额报价,,高
内部群,内部_投标记录_260310_01.xlsx,260310,xlsx,投标记录,投标记录,,,无法判断,无,,高
内部群,内部_报价单_260313_01.xlsx,260313,xlsx,报价单,报价单,,,无法判断,金额报价,,高
内部群,内部_投标记录_260323_01.xlsx,260304,xlsx,投标记录,投标记录,,,无法判断,金额报价,,高
内部群,内部_投标记录_260320_01.xlsx,260323,xlsx,投标记录,投标记录,,,无法判断,金额报价,,高
内部群,内部_投标记录_260313_01.xlsx,260313,xlsx,投标记录,投标记录,,,无法判断,无,,高
内部群,内部_技术规范_260318_01.docx,260318,docx,技术资料,技术规范,,,无法判断,客户名称、金额报价,,高
内部群,内部_投标记录_260322_01.xlsx,260324,xlsx,投标记录,投标记录,,,无法判断,金额报价,,高
内部群,内部_报价单_260309_01.xls,260309,xls,报价单,报价单,,,无法判断,金额报价,,高
内部群,内部_报价单_260303_03.xlsx,260303,xlsx,报价单,报价单,,,无法判断,金额报价,,高
内部群,内部_报价单_260303_04.xlsx,260303,xlsx,报价单,报价单,,,无法判断,金额报价,,高
内部群,内部_投标记录_260305_01.xlsx,260305,xlsx,投标记录,投标记录,,,无法判断,无,,高
内部群,内部_报价单_260319_01.pdf,260319,pdf,报价单,报价单,,,无法判断,金额报价,,高
内部群,内部_投标记录_260317_01.xlsx,260303,xlsx,投标记录,投标记录,,,无法判断,金额报价,,高
内部群,内部_投标记录_260316_01.xlsx,260312,xlsx,投标记录,投标记录,,,无法判断,金额报价,,高
内部群,内部_报价单_260304_01.pdf,260304,pdf,报价单,报价单,,,无法判断,金额报价,,高
内部群,内部_验收报告_260312_01.xlsx,260312,xlsx,验收报告,验收报告,,,复检,无,,高
内部群,内部_施工方案_260313_01.pdf,260313,pdf,施工方案,施工方案,,,无法判断,客户名称,,高
内部群,内部_投标记录_260311_01.xlsx,260311,xlsx,投标记录,投标记录,,,无法判断,无,,高
内部群,内部_投标记录_260312_01.xlsx,260316,xlsx,投标记录,投标记录,,,无法判断,金额报价,,高
内部群,内部_投标记录_260309_01.xlsx,260309,xlsx,投标记录,投标记录,,,无法判断,无,,高
内部群,内部_投标记录_260424_01.et,260424,et,投标记录,投标记录,0,0,无法判断,无,,高
内部群,内部_投标记录_260306_01.xlsx,260320,xlsx,投标记录,投标记录,,,无法判断,金额报价,,高
内部群,内部_投标记录_260423_01.et,260423,et,投标记录,投标记录,0,19588,无法判断,客户名称、金额报价,搜标日期 投标名称 甲方名称 参与公司 信息来源 业务员 截止投标时间 状态 报价(元) 税率 报价日期 投标结果 中标金额(元) 标书费 投标保证金 限价 结果说明 备注 红圈 26010717武汉,高
内部群,内部_投标记录_260304_01.xlsx,260317,xlsx,投标记录,投标记录,,,无法判断,金额报价,,高
内部群,内部_报价单_260303_05.xls,260303,xls,报价单,报价单,,,无法判断,金额报价,,高
内部群,内部_报价单_260303_01.xls,260303,xls,报价单,报价单,,,无法判断,金额报价,,高
内部群,内部_报价单_260303_02.xls,260303,xls,报价单,报价单,,,无法判断,金额报价,,高
内部群,内部_投标记录_260303_01.xlsx,260325,xlsx,投标记录,投标记录,,,无法判断,金额报价,,高
内部群,26年3月双环项目开票215960元，缴纳增值税及附加7044.91元  税收完税证明2026-04-07 18ː16ː09.pdf,260407,pdf,票据,,1,669,无法判断,金额报价,妥 善 保 管 No●342095260400017033 填发日期： 2026 年 4 月 7 日 税务机关：国家税务总局应城市税务局收入核算股 纳税人识别号 91420111758179067T ,
内部群,26年3月份新疆项目开票 122000元 缴纳增值税及附加税2462.39元  税收完税证明2026-04-07 17ː15ː43.pdf,260407,pdf,票据,,1,652,无法判断,金额报价,妥 善 保 管 No●365405260400004709 填发日期： 2026 年 4 月 7 日 税务机关：国家税务总局新源县税务局 纳税人识别号 91420111758179067T 纳税人名称,
内部群,尼勒克县瑞祥焦化  外管项目预交税金 2026.5.18 PDF合并.pdf,260519,pdf,票据,,2,1082,无法判断,金额报价,妥 善 保 管 No●365405260500022255 填发日期： 2026 年 5 月 18 日 税务机关：国家税务总局尼勒克县税务局 纳税人识别号 91420111758179067T 纳税人,
内部群,岚丹 房产税 税收完税证明2026-05-19 14ː59ː56.pdf,260520,pdf,票据,,1,468,无法判断,金额报价,妥 善 保 管 No●342015260500128988 填发日期： 2026 年 5 月 19 日 税务机关： 国家税务总局武汉东湖新技术开发区税务局 收入核算和税收经济分析科 纳税人识别号 91,
内部群,贷款明细表2026.01.xls,260130,xls,其他,,0,0,无法判断,无,,
内部群,26年3月新疆项目开票165404.21元，缴纳增值税及附加税3338.44元 税收完税证明2026-04-07 17ː38ː48.pdf,260407,pdf,票据,,1,651,无法判断,金额报价,妥 善 保 管 No●365405260400007514 填发日期： 2026 年 4 月 7 日 税务机关：国家税务总局新源县税务局 纳税人识别号 91420111758179067T 纳税人名称,
内部群,理财产品登记表.xls,260310,xls,其他,,0,0,无法判断,无,,
内部群,内部_证明材料_260518_01.pdf,260518,pdf,证明材料,证明材料,0,0,无法判断,无,,高
内部群,26年3月新疆项目开票20400元，缴纳增值税及附加税411.75元  税收完税证明2026-04-07 17ː43ː59.pdf,260407,pdf,票据,,1,641,无法判断,金额报价,妥 善 保 管 No●365405260400011717 填发日期： 2026 年 4 月 7 日 税务机关：国家税务总局新源县税务局 纳税人识别号 91420111758179067T 纳税人名称,
内部群,26年4月 武汉开明 本地缴纳税金 完税证明 PDF合并.pdf,260518,pdf,票据,,3,1416,无法判断,无,妥 善 保 管 No●342015260500124265 填发日期： 2026 年 5 月 18 日 税务机关： 国家税务总局武汉市洪山区税务局收入核算 和税收经济分析科 纳税人识别号 914201,
内部群,贷款明细表2026.02.xls,260228,xls,其他,,0,0,无法判断,无,,
内部群,内部_资金明细_260516_01.xls,260516,xls,明细账,资金明细,0,0,无法判断,金额报价,,高
内部群,26年3月 重庆项目开票11895元，缴纳增值税及附加229.17元 完税证明.pdf,260407,pdf,票据,,1,562,无法判断,金额报价,妥 善 保 管 No●350025260400008737 填发日期： 2026 年 4 月 7 日 税务机关：国家税务总局丰都县税务局 纳税人识别号 91420111758179067T 纳税人名称,
内部群,内部_付款单据_260116_01.xlsx,260116,xlsx,票据,付款单据,,,无法判断,无,,高
内部群,岚丹 5月份缴纳4月份 税金 完税证明  PDF合并.pdf,260519,pdf,票据,,4,1874,无法判断,金额报价,妥 善 保 管 No●342015260500119214 填发日期： 2026 年 5 月 18 日 税务机关： 国家税务总局武汉市洪山区税务局收入核算 和税收经济分析科 纳税人识别号 914201,
内部群,26年5月缴纳曦悦4月份增值税及附加  印花税  完税证明  PDF合并.pdf,260518,pdf,票据,,2,1031,无法判断,无,妥 善 保 管 No●342015260500119774 填发日期： 2026 年 5 月 18 日 税务机关： 国家税务总局武汉东湖新技术开发区税务局 收入核算和税收经济分析科 纳税人识别号 91,
内部群,四川项目开票228900元，缴纳增值税及附加4704元 税收完税证明2026-04-07 18ː06ː27.pdf,260407,pdf,票据,,1,674,无法判断,金额报价,妥 善 保 管 No●351165260400012213 填发日期： 2026 年 4 月 7 日 税务机关：国家税务总局广安市前锋区税务局 纳税人识别号 91420111758179067T 纳税,
安装检修群,安装检修_工作日志_260408_01.doc,260406,doc,工作日志,工作日志,,,无法判断,无,,高
安装检修群,安装检修_工作日志_260402_01.doc,260402,doc,工作日志,工作日志,,,无法判断,无,,高
安装检修群,安装检修_工作日志_260405_01.doc,260405,doc,工作日志,工作日志,,,无法判断,无,,高
安装检修群,安装检修_工作日志_260413_01.doc,260413,doc,工作日志,工作日志,,,无法判断,无,,高
安装检修群,安装检修_工程方案_260520_01.docx,260520,docx,施工方案,工程方案,0,3341,无法判断,无,武汉开明建材厂协力安全管理审查问题整改方案 为落实建材厂协力武汉开明安全管理全流程审查发现的问题整改，压实安全生产主体责任，消除各环节安全隐患，建立闭环管理机制，特制定本整改方案，明确 整改措施、责任,高
安装检修群,安装检修_工作日志_260411_01.doc,260411,doc,工作日志,工作日志,,,无法判断,无,,高
安装检修群,安装检修_工作日志_260416_01.doc,260416,doc,工作日志,工作日志,,,无法判断,无,,高
安装检修群,安装检修_工作日志_260330_01.doc,260330,doc,工作日志,工作日志,,,无法判断,无,,高
安装检修群,安装检修_工作日志_260418_01.doc,260418,doc,工作日志,工作日志,,,无法判断,无,,高
安装检修群,安装检修_工作日志_260406_01.doc,260408,doc,工作日志,工作日志,,,无法判断,无,,高
安装检修群,安装检修_工作日志_260412_01.doc,260412,doc,工作日志,工作日志,,,无法判断,无,,高
安装检修群,安装检修_工作日志_260404_01.doc,260404,doc,工作日志,工作日志,,,无法判断,无,,高
安装检修群,安装检修_工作日志_260403_01.doc,260403,doc,工作日志,工作日志,,,无法判断,无,,高
安装检修群,安装检修_工作日志_260414_01.doc,260414,doc,工作日志,工作日志,,,无法判断,无,,高
安装检修群,安装检修_工作日志_260401_01.doc,260401,doc,工作日志,工作日志,,,无法判断,无,,高
安装检修群,安装检修_工作日志_260409_01.doc,260409,doc,工作日志,工作日志,,,无法判断,无,,高
安装检修群,关于建材厂煤气管道泄漏治理项目的工作联系函0330.pdf,260331,pdf,其他,,7,5222,无法判断,客户名称,地址：山东省日照市滨海线路600 号 电话：0633-6188060 传真：0633-6180000 邮编：276806 To：武汉开明高新科技有限公司FaxNo：1 From：日照京华新型建材公司P,
安装检修群,安装检修_验收报告_260520_01.docx,260520,docx,验收报告,验收报告,0,3700,复检,无,建材厂协力武汉开明安全管理全流程审查报告 一、审查总则 1.审查目的 规范武汉开明作为公司协力厂商的全流程安全管理，压实其安全生产主体责任，排查准入、人员、现场、应急等各环节安全隐患，建立闭环管理机制,高
安装检修群,安装检修_合同文本_260427_01.xlsx,260427,xlsx,合同,合同文本,0,1350,无法判断,客户名称,HA-W610-045 附件2 违约处罚单 页次：2/7 合同名称 建材厂石灰回转窑耐材修复项目(长约) 合同编号 R09W92504036W6AF 供应商 中钢洛耐科技股份有限公司 违约日期 202,高
安装检修群,安装检修_工作日志_260331_01.doc,260331,doc,工作日志,工作日志,,,无法判断,无,,高
内部群,内部_会议纪要_260226_01.docx,260226,docx,工作日志,会议纪要,,,无法判断,无,,高
内部群,内部_验收报告_260224_01.xlsx,260224,xlsx,验收报告,验收报告,2,1009,复检,无,序号 项目名称 联系人 委外单编号 签证单 验收单 造价 审计 开票 备注 13#东台蒸发冷(冰机)箱体更换两个箱体 陈保军 20260106_005 无 待施工，年后开工，&#10;有委外单8.6万,高
其他群,批量转账明细2608101652401481835264681.pdf,260810,pdf,票据,付款单据,1,1376,无法判断,金额报价、银行账号,"批量转账明细 付款账号 211050559310028 批次流水号 2608101652401481835264681 总笔数 14 总金额 ¥27,000 成功笔数 13 成功金额 ¥25,000 ",高
其他群,55eb3dd7ad19be0de41bb4d537c726eb.jpg,260213,jpg,其他,,0,0,无法判断,无,,
其他群,2.6湖北双环164605.7元.pdf,260206,pdf,票据,付款单据,2,2613,无法判断,金额报价、银行账号,"批量转账明细 付款账号 211050559310028 批次流水号 2602061715011481602121991 总笔数 29 总金额 ¥174,773.7 成功笔数 28 成功金额 ¥164,",高
其他群,新疆宜化武汉36460.4元.pdf,260213,pdf,票据,付款单据,1,999,无法判断,金额报价、银行账号,"批量转账明细 付款账号 211050559310028 批次流水号 2602121707471441614046385 总笔数 10 总金额 ¥36,460.4 成功笔数 10 成功金额 ¥36,46",高
其他群,新疆宜化24672.pdf,260205,pdf,票据,付款单据,7,7074,无法判断,客户名称、银行账号,国内支付业务付款回单 客户号：0596052571 日期：2026年02月05日 付款人账号：565180592794 收款人账号：6228483648413532071 湖北开明高新科技有限公司 满,高
其他群,内蒙古宜化63780元.pdf,260706,pdf,其他,,11,4012,无法判断,客户名称、金额报价、银行账号,客户回单 业务类型：二代支付 交易日期：2026-07-06 17:39:19 付 款 人 名称 湖北岚丹建设工程有限公司 收 款 人 名称 姬文广 账号 8111501013501068761 账号,
其他群,内蒙古宜化72254元.pdf,260706,pdf,其他,,10,3642,无法判断,客户名称、金额报价、银行账号,客户回单 业务类型：二代支付 交易日期：2026-07-06 17:39:08 付 款 人 名称 湖北岚丹建设工程有限公司 收 款 人 名称 明贵星 账号 8111501013501068761 账号,
其他群,43069c08d0bb9bb0646eca58aed95bcb.jpg,260212,jpg,其他,,0,0,无法判断,无,,
其他群,赣锋锂业3675.pdf,260206,pdf,票据,付款单据,1,539,无法判断,客户名称、金额报价、银行账号,批量转账结果下载 批次号 3160321375287283712 批次名称 付款账号 942003010056507780 账户名称 湖北开明高新科技有限公司 总交易金额 3675.00 总笔数 3笔,高
其他群,湖北岚丹建设工程有限公司（等1户）_8111501013501068761（等1户）_共8笔.pdf,260810,pdf,其他,,8,2915,无法判断,客户名称、银行账号,客户回单 业务类型：二代支付 交易日期：2026-08-10 17:39:22 付 款 人 名称 湖北岚丹建设工程有限公司 收 款 人 名称 田安发 账号 8111501013501068761 账号,
其他群,466dfc119967fea0cc37513fe60ed79e.jpg,260212,jpg,其他,,0,0,无法判断,无,,
其他群,d2b303aaece0329c0e3d6305e2660603.jpg,260212,jpg,其他,,0,0,无法判断,无,,
其他群,新疆宜化补发工资98306.1元.pdf,260213,pdf,考勤薪酬,工资表,0,0,无法判断,金额报价,,高
其他群,池州恒鑫7454.pdf,260206,pdf,票据,付款单据,1,622,无法判断,客户名称、金额报价、银行账号,批量转账结果下载 批次号 3160321592006971392 批次名称 付款账号 942003010056507780 账户名称 湖北开明高新科技有限公司 总交易金额 7454.00 总笔数 4笔,高
其他群,湖北双环25.12.18外协工资.pdf,251218,pdf,考勤薪酬,工资表,0,0,无法判断,无,,高
其他群,湖北双环工资.pdf,260612,pdf,考勤薪酬,工资表,0,0,无法判断,无,,高
其他群,批量转账明细2607311726211441823660695.pdf,260731,pdf,票据,付款单据,2,1499,无法判断,金额报价、银行账号,"批量转账明细 付款账号 211050559310028 批次流水号 2607311726211441823660695 总笔数 15 总金额 ¥90,159.2 成功笔数 14 成功金额 ¥88,19",高
其他群,9ec17a243685020a9e3e45a20bb236ec.jpg,260213,jpg,其他,,0,0,无法判断,无,,
其他群,内蒙古宜化128076.pdf,260709,pdf,其他,,10,3656,无法判断,客户名称、银行账号,客户回单 业务类型：二代支付 交易日期：2026-07-09 09:04:01 付 款 人 名称 湖北岚丹建设工程有限公司 收 款 人 名称 张春林 账号 8111501013501068761 账号,
其他群,批量转账明细2512261353371481539793011.pdf,251226,pdf,票据,付款单据,2,2542,无法判断,金额报价、银行账号,"批量转账明细 付款账号 211050559310028 批次流水号 2512261353371481539793011 总笔数 28 总金额 ¥246,911.98 成功笔数 27 成功金额 ¥234",高
其他群,湖北双环21570.pdf,260206,pdf,票据,付款单据,2,1278,无法判断,客户名称、金额报价、银行账号,批量转账结果下载 批次号 3160319144252995584 批次名称 付款账号 942003010056507780 账户名称 湖北开明高新科技有限公司 总交易金额 21570.00 总笔数 1,高
其他群,dc287e98704ced3d9880f686f0b4bcbb.jpg,260212,jpg,其他,,0,0,无法判断,无,,
其他群,批量转账明细2608141608471441840663766.pdf,260814,pdf,票据,付款单据,2,1503,无法判断,金额报价、银行账号,"批量转账明细 付款账号 211050559310028 批次流水号 2608141608471441840663766 总笔数 15 总金额 ¥54,095.52 成功笔数 15 成功金额 ¥54,0",高
其他群,新疆宜化64379元.pdf,260205,pdf,票据,付款单据,6,6561,无法判断,客户名称、金额报价、银行账号,国内支付业务付款回单 客户号：0596052571 日期：2026年02月05日 付款人账号：565180592794 收款人账号：6228482978767006872 湖北开明高新科技有限公司 严,高
内部群,内部_合同文本_260731_01.xlsx,260731,xlsx,合同,合同文本,0,11190,无法判断,金额报价,申请编号(费用报销) 费用明细编号 创建时间 审批状态 创建人 费用项目 费用说明 含税金额(元) 已退 退款时间 使用金额 未退 业务类型 成本清单明细 报销人(费用报销) 备注情况 关联主合同(费,高
内部群,周末值班表+卫生值日表(7月).xlsx,260717,xlsx,其他,,5,713,无法判断,无,周末值班表 7月份 日期 星期 李权智 熊伟 徐赛尔 黄婷 办公卫生周值日排班表 周六 班 部门：综合部 2026 年 4月 6日 周日 星期一 星期二 星期四 备注 公共区域 熊伟、李权志 徐赛尔、,
内部群,内部_合同文本_260814_01.xlsx,260814,xlsx,合同,合同文本,0,11553,无法判断,金额报价,申请编号(费用报销) 费用明细编号 创建时间 审批状态 创建人 费用项目 费用说明 含税金额(元) 已退 退款时间 使用金额 未退 业务类型 成本清单明细 报销人(费用报销) 备注情况 关联主合同(费,高
内部群,内部_合同文本_260724_01.xlsx,260724,xlsx,合同,合同文本,0,11141,无法判断,金额报价,申请编号(费用报销) 费用明细编号 创建时间 审批状态 创建人 费用项目 费用说明 含税金额(元) 已退 退款时间 使用金额 未退 业务类型 成本清单明细 报销人(费用报销) 备注情况 关联主合同(费,高
内部群,内部_合同文本_260717_01.xlsx,260717,xlsx,合同,合同文本,0,11075,无法判断,金额报价,申请编号(费用报销) 费用明细编号 创建时间 审批状态 创建人 费用项目 费用说明 含税金额(元) 已退 退款时间 使用金额 未退 业务类型 成本清单明细 报销人(费用报销) 备注情况 关联主合同(费,高
内部群,内部_发票凭证_260807_01.xlsx,260807,xlsx,票据,发票凭证,0,20000,无法判断,金额报价,其他应收明细表 序号 编号 月份 账龄 支付日期 部门 责任人 经办人 公司名称 公司名称2 支付金额 公司 支付方式 支付类型 退款金额/&#10;发票冲账 未退余额 退款时间 退回月份 5.31目,高
内部群,内部_资金明细_260716_01.xlsx,260716,xlsx,明细账,资金明细,0,6345,无法判断,金额报价,申请编号 关联主合同 收款账户 收款单位 累计报销金额 本周支付 支付状态 审批状态 当前审批人 报销说明 FYBX-20260714-1080 应城市新都化工有限责任公司合成公司日产1500吨大颗粒,高
内部群,内部_发票凭证_260724_01.xlsx,260724,xlsx,票据,发票凭证,0,20000,无法判断,金额报价,其他应收明细表 序号 编号 月份 账龄 支付日期 部门 责任人 经办人 公司名称 公司名称2 支付金额 公司 支付方式 支付类型 退款金额/&#10;发票冲账 未退余额 退款时间 退回月份 5.31目,高
内部群,内部_合同文本_260716_01.xlsx,260716,xlsx,合同,合同文本,0,4254,无法判断,金额报价,双方核对信息汇总2026.07.07 分项 项目 截止日期 张凯华意向 核对中我们提出 差额 个人建议 注明 金额 产值 合同产值 按3个点扣除 扣除9个点的税 可以按张凯华意思来 现场零星点工 全额,高
内部群,内部_付款单据_260730_01.xlsx,260730,xlsx,票据,付款单据,0,18012,无法判断,金额报价,申请编号 创建人 申请日期 支付日期 关联主合同 收款账户 收款单位 实际支付金额 累计报销金额 计划付款 支付状态 审批状态 当前审批人 报销说明 其他附件上传 入库单附件上传 发票附件上传 合同附,高
内部群,内部_工资表_260710_01.xlsx,260710,xlsx,考勤薪酬,工资表,0,10933,无法判断,金额报价,申请编号(费用报销) 费用明细编号 创建时间 审批状态 创建人 费用项目 费用说明 含税金额(元) 已退 退款时间 使用金额 未退 业务类型 成本清单明细 报销人(费用报销) 备注情况 关联主合同(费,高
内部群,内部_付款单据_260731_01.xlsx,260731,xlsx,票据,付款单据,0,7848,无法判断,金额报价,申请编号 关联主合同 收款账户 收款单位 累计报销金额 本周支付 支付状态 审批状态 当前审批人 报销说明 FYBX-20260727-1124 湖北双环零星维修项目施工合同（2025） 林全意 未支,高
内部群,内部_发票凭证_260814_01.xlsx,260814,xlsx,票据,发票凭证,0,20000,无法判断,金额报价,其他应收明细表 序号 编号 月份 账龄 支付日期 部门 责任人 经办人 公司名称 公司名称2 支付金额 公司 支付方式 支付类型 退款金额/&#10;发票冲账 未退余额 退款时间 退回月份 5.31目,高
内部群,内部_资金明细_260723_01.xlsx,260723,xlsx,明细账,资金明细,0,7226,无法判断,金额报价,申请编号 关联主合同 收款账户 收款单位 累计报销金额 本周支付 支付状态 审批状态 当前审批人 报销说明 FYBX-20260714-1080 应城市新都化工有限责任公司合成公司日产1500吨大颗粒,高
内部群,内部_发票凭证_260731_01.xlsx,260731,xlsx,票据,发票凭证,0,20000,无法判断,金额报价,其他应收明细表 序号 编号 月份 账龄 支付日期 部门 责任人 经办人 公司名称 公司名称2 支付金额 公司 支付方式 支付类型 退款金额/&#10;发票冲账 未退余额 退款时间 退回月份 5.31目,高
内部群,周末值班表+卫生值日表(8月).xlsx,260731,xlsx,其他,,6,725,无法判断,无,周末值班表 8月份 日期 星期 李权智 熊伟 徐赛尔 黄婷 办公卫生周值日排班表 周六 班 部门：综合部 2026 年 4月 6日 周日 星期一 星期二 星期四 备注 公共区域 熊伟、李权志 徐赛尔、,
内部群,内部_合同文本_260807_01.xlsx,260807,xlsx,合同,合同文本,0,11301,无法判断,金额报价,申请编号(费用报销) 费用明细编号 创建时间 审批状态 创建人 费用项目 费用说明 含税金额(元) 已退 退款时间 使用金额 未退 业务类型 成本清单明细 报销人(费用报销) 备注情况 关联主合同(费,高
内部群,周末值班表+卫生值日表(7月)__msgiBQTf7lIDd2Xh2SSLhTQEg==.xlsx,260710,xlsx,其他,,5,713,无法判断,无,周末值班表 7月份 日期 星期 李权智 熊伟 徐赛尔 黄婷 办公卫生周值日排班表 周六 班 部门：综合部 2026 年 4月 6日 周日 星期一 星期二 星期四 备注 公共区域 熊伟、李权志 徐赛尔、,
内部群,内部_发票凭证_260717_01.xlsx,260717,xlsx,票据,发票凭证,0,20000,无法判断,金额报价,其他应收明细表 序号 编号 月份 账龄 支付日期 部门 责任人 经办人 公司名称 公司名称2 支付金额 公司 支付方式 支付类型 退款金额/&#10;发票冲账 未退余额 退款时间 退回月份 5.31目,高
内部群,内部_发票凭证_260710_01.xlsx,260710,xlsx,票据,发票凭证,0,20000,无法判断,金额报价,其他应收明细表 序号 编号 月份 账龄 支付日期 部门 责任人 经办人 公司名称 公司名称2 支付金额 公司 支付方式 支付类型 退款金额/&#10;发票冲账 未退余额 退款时间 退回月份 5.31目,高
内部群,内部_付款单据_260713_01.xlsx,260713,xlsx,票据,付款单据,0,716,无法判断,金额报价,申请编号 关联主合同 收款账户 收款单位 累计报销金额 支付状态 审批状态 当前审批人 报销说明 FYBX-20260713-1078 应城市新都化工有限责任公司联碱厂雨污分 流项目 宋文波 未支付 ,高
内部群,内部_资金明细_260709_01.xlsx,260709,xlsx,明细账,资金明细,0,5151,无法判断,金额报价,申请编号 关联主合同 收款账户 收款单位 累计报销金额 本周支付 支付状态 审批状态 当前审批人 报销说明 FYBX-20260708-1050 应城市新都化工有限责任公司合成公司日产1500吨大颗粒,高
内部群,内部_付款单据_260813_01.xlsx,260813,xlsx,票据,付款单据,0,8828,无法判断,金额报价,申请编号 关联主合同 收款账户 收款单位 累计报销金额 本周支付 支付状态 审批状态 当前审批人 报销说明 FYBX-20260806-1188 新疆宜化4#5#电石炉技改项目安装工程 胡磊 未支付 ,高
内部群,内部_付款单据_260806_01.xlsx,260806,xlsx,票据,付款单据,0,6904,无法判断,金额报价,申请编号 关联主合同 收款账户 收款单位 累计报销金额 本周支付 支付状态 审批状态 当前审批人 报销说明 FYBX-20260730-1144 新疆宜化4#5#电石炉技改项目安装工程 石小伟 未支付,高
水泥群,水泥_统计表_260124_01.xls,260124,xls,清单,统计表,,,无法判断,无,,高
水泥群,水泥_施工方案_260130_01.pdf,260130,pdf,施工方案,施工方案,21,18133,无法判断,客户名称,武汉开明高新科技有限公司 安 全 施 工 方 案 武汉开明高新科技有限公司 安全施工方案 目 录 一、安全生产管理网格图 二、安全管理制度 三、安全生产责任制 四、施工作业安全操作规程 五、风险分析、,高
水泥群,程俊松微信支付转账电子凭证.pdf,260212,pdf,其他,,1,646,无法判断,无,微信支付转账电子凭证 申请时间 申请方姓名 申请方微信号 转账对方微信号 转账明细对应时间段 2026-02-12 10:32:04 杨栋宇 Anonymous_cicada c*****78 202,
水泥群,应急预案附件.docx,260130,docx,其他,,0,65,无法判断,无,临近医院位置图 疏散路线图 应急指挥部位置及救援队伍行动路线 事故影响范围及警戒范围 重点防护目标 警报系统分布 应急消防设施分布,
水泥群,1、241024组织机构+武汉开明.doc,260130,doc,其他,,48,515,无法判断,无,组织机构 组织机构职责： 项目经理：全面负责此次大修的安全、施工质量、施工进度，保证大修进展顺利。 施工负责人：主要负责施工现场的人员、设备、工器具、后勤等全面管理，配合日钢区域负责人做好相关方的沟通,
水泥群,王延军微信支付转账电子凭证.pdf,260212,pdf,其他,,1,1050,无法判断,无,微信支付转账电子凭证 申请时间 申请方姓名 申请方微信号 转账对方微信号 转账明细对应时间段 2026-02-12 10:28:43 杨栋宇 Anonymous_cicada w*****12 202,
水泥群,盐湖海纳甘河水泥厂预热器膨胀节脚手架搭设应急预案.docx,260128,docx,其他,,0,3947,无法判断,客户名称,武汉开明 高新科技有限公司 盐湖海纳甘河水泥厂预热器膨胀节脚手架搭设应急预案 3724275 177165 3642360 440690 编制人： 3787775 485140 审核人： 审批人： 武,
水泥群,覃延吉微信支付转账电子凭证.pdf,260212,pdf,其他,,1,1054,无法判断,无,微信支付转账电子凭证 申请时间 申请方姓名 申请方微信号 转账对方微信号 转账明细对应时间段 2026-02-12 10:26:27 杨栋宇 Anonymous_cicada wxid_***** 2,
水泥群,王小兵微信支付转账电子凭证.pdf,260212,pdf,其他,,1,1050,无法判断,无,微信支付转账电子凭证 申请时间 申请方姓名 申请方微信号 转账对方微信号 转账明细对应时间段 2026-02-12 12:13:11 杨栋宇 Anonymous_cicada w*****73 202,
水泥群,4600熟料膨胀节更换项目及技术要求(1).pdf,260122,pdf,其他,,2,17,无法判断,客户名称,扫描全能王 创建 扫描全能王 创建,
水泥群,彭勇微信支付转账电子凭证.pdf,260212,pdf,其他,,1,646,无法判断,无,微信支付转账电子凭证 申请时间 申请方姓名 申请方微信号 转账对方微信号 转账明细对应时间段 2026-02-12 10:17:01 杨栋宇 Anonymous_cicada p*****CP 202,
水泥群,水泥_物资清单_260131_01.pdf,260131,pdf,清单,物资清单,,,无法判断,无,,高
水泥群,武汉开明23项问题整改.zip,260130,zip,其他,,0,0,无法判断,无,,
化工钢铁群,化工钢铁_合同文本_260603_01.pdf,260603,pdf,合同,合同文本,0,0,无法判断,无,,高
焊接群,焊接_验收报告_251112_01.xlsx,251112,xlsx,验收报告,验收报告,,,复检,无,,高
内部群,内部_投标记录_260810_01.xlsx,260810,xlsx,投标记录,投标记录,4,20000,无法判断,客户名称、金额报价,搜标日期 投标名称 甲方名称 参与公司 信息来源 业务员 截止报名时间 截止投标时间 状态 报价(元) 税率 报价日期 投标结果 中标金额(元) 中标单位 开标结果时间 标书费 投标保证金 限价 是否,高
内部群,2026投标记录-武汉开明__msg2ODKWePFGJ42332v3voWfg==.xlsx,260728,xlsx,,,,,,,,
内部群,内部_投标记录_260411_01.xlsx,260411,xlsx,投标记录,投标记录,9,4459,无法判断,金额报价,"投 标 总 价 招 标 人： 工 程 名 称： 投标总价（小写）： （大写）： 投 标 人： 法定代表人 或其授权人： 编 制 人： 编 制 时 间： 碱改新建仓库安装工程 324,145.00元 叁",高
内部群,内部_物资清单_260411_01.xlsx,260411,xlsx,清单,物资清单,8,9985,无法判断,金额报价,分部分项工程和单价措施项目清单与计价表 工程名称：应城市新都化工有限责任公司盐化绿色转型及产品结构调整升级项目-小苏打包装工段安装工程 序号 项目名称 项目特征描述 计量&#13;&#10;单位 暂定,高
内部群,2026投标记录-武汉开明__msg4_LHPDLz_1fcq52VzlStTw==.xlsx,260730,xlsx,,,,,,,,
内部群,2026投标记录-武汉开明__msg4F2EjfgGkeUsN8Ylla5ngQ==.xlsx,260811,xlsx,,,,,,,,
内部群,2026投标记录-武汉开明__msg4ILgqGjwEVmr2Ik2ynBjrw==.xlsx,260612,xlsx,,,,,,,,
内部群,2026投标记录-武汉开明__msg4fOna9DO_yfdKs_y_seR0g==.xlsx,260818,xlsx,,,,,,,,
内部群,2026投标记录-武汉开明__msg6+NoSipz5tay2hMTYHFY3g==.xlsx,260615,xlsx,,,,,,,,
内部群,2026投标记录-武汉开明__msg6FAPdRVa6sj9wlCYLNi5RA==.xlsx,260414,xlsx,,,,,,,,
内部群,内部_物资清单_260417_01.xlsx,260417,xlsx,清单,物资清单,16,20000,无法判断,客户名称、金额报价,招 标 人： 工 程 名 称： 嘉施利（宜城）化肥有限公司热法磷酸项目安装工程 含税合同总价（小写）： （大写）： 投 标 人： （单位盖章） 法定代表人&#13;&#10;或其授权人： （签字或盖章,高
内部群,2026投标记录-武汉开明__msg7liYFcPh4GJCIAZ9nYfM6g==.xlsx,260722,xlsx,,,,,,,,
内部群,2026投标记录-武汉开明__msg8yQrM8zvqS1F5oHnJDzcbg==.xlsx,260616,xlsx,,,,,,,,
内部群,2026投标记录-武汉开明__msgAag5ixGzXKWIJGrnlSqAUA==.xlsx,260723,xlsx,,,,,,,,
内部群,2026投标记录-武汉开明__msgB+oFKillggxK7maQB+M3eg==.xlsx,260717,xlsx,,,,,,,,
内部群,碱改新建仓库建筑工程(1).xlsx,260415,xlsx,,,,,,,,
内部群,2026投标记录-武汉开明__msgBgStOm7rpjoguT5e4oxR7w==.xlsx,260812,xlsx,,,,,,,,
内部群,2026投标记录-武汉开明__msgBhQzXjebPRonChWszekrfw==.xlsx,260715,xlsx,,,,,,,,
内部群,2026投标记录-武汉开明__msgCjRZzA7DsMq88EGRue7yqA==.xlsx,260804,xlsx,,,,,,,,
内部群,2026投标记录-武汉开明__msgCq2Cm4RR4DykTS2k2LM8+w==.xlsx,260814,xlsx,,,,,,,,
内部群,气化水煤浆提浓项目安装工程—报价核心要点.pdf,260428,pdf,,,,,,,,
内部群,内部_物资清单_260623_01.xlsx,260623,xlsx,清单,物资清单,8,8232,无法判断,客户名称、金额报价,分部分项工程和单价措施项目清单与计价表 工程名称：嘉施利(应城)化肥有限公司造粒塔项目拆除工程 人工 工期 人工费 耗材 机械设备 单项合计 备注 序号 项目名称 项目特征描述 计量单位 暂定工程量 ,高
内部群,2026投标记录-武汉开明__msgEDlbv1INtFqE_Y+P9UNxJw==.xlsx,260707,xlsx,,,,,,,,
内部群,2026投标记录-武汉开明__msgERsK4mWsOZBAMacmZ8EQNg==.xlsx,260402,xlsx,,,,,,,,
内部群,2026投标记录-武汉开明__msgEZUJynIFE0J0_uIXiWHDIQ==.xlsx,260408,xlsx,,,,,,,,
内部群,2026投标记录-武汉开明__msgF_tkLNo0GgWcU8m9mJthRg==.xlsx,260624,xlsx,,,,,,,,
内部群,2026投标记录-武汉开明__msgFQQdfYVxYx_p0gjH86Hv+A==.xlsx,260806,xlsx,,,,,,,,
内部群,2026投标记录-武汉开明__msgGBfxRTsY2MJGG+DGjH81Vg==.xlsx,260727,xlsx,,,,,,,,
内部群,2026投标记录-武汉开明__msgGXO_Psb7xxaObLG71+4cTA==.xlsx,260702,xlsx,,,,,,,,
内部群,2026投标记录-武汉开明__msgHfhwwFmzhoQIW29xtTafrA==.xlsx,260731,xlsx,,,,,,,,
内部群,1、邵总报价--《嘉施利（宜城）化肥有限公司选矿项目防腐保温工程》.xlsx,260518,xlsx,,,,,,,,
内部群,2026投标记录-武汉开明__msgJ3J7wUAHJs6cX5WfFcW1Iw==.xlsx,260701,xlsx,,,,,,,,
内部群,2026投标记录-武汉开明__msgJrlm6o3izwQa0zesMJn4fA==.xlsx,260617,xlsx,,,,,,,,
内部群,2026投标记录-武汉开明__msgL9iTQOQKvOt6MpUMt3QfKQ==.xlsx,260817,xlsx,,,,,,,,
内部群,2026投标记录-武汉开明__msgMiPVPvM5hkam_9vdoGyKFQ==.xlsx,260708,xlsx,,,,,,,,
内部群,2026投标记录-武汉开明__msgNoRvLFEeyo+ElnKcVZpNeA==.xlsx,260710,xlsx,,,,,,,,
内部群,2026投标记录-武汉开明__msgOHY5pCnBA7KJVIRPijOxXQ==.xlsx,260709,xlsx,,,,,,,,
内部群,2026投标记录-武汉开明__msgOOHWIOHrRVSmEyz7iBZNtg==.xlsx,260721,xlsx,,,,,,,,
内部群,2026投标记录-武汉开明__msgOmJb65oHXy8YCLlJybFFzw==.xlsx,260713,xlsx,,,,,,,,
内部群,2026投标记录-武汉开明(10).xlsx,260407,xlsx,,,,,,,,
内部群,2026投标记录-武汉开明__msgPqKg7_yNaKvH+7E4m9UnCg==.xlsx,260724,xlsx,,,,,,,,
内部群,2026投标记录-武汉开明__msgRmA3kZIM3aLmQEevSmPAVA==.xlsx,260622,xlsx,,,,,,,,
内部群,2026投标记录-武汉开明(11).xlsx,260413,xlsx,,,,,,,,
内部群,内部_投标记录_260415_01.xlsx,260415,xlsx,投标记录,投标记录,11,6013,无法判断,金额报价,"投 标 总 价 招 标 人： 工 程 名 称： 投标总价（小写）： （大写）： 投 标 人： 法定代表人 或其授权人： 编 制 人： 编 制 时 间： 碱改新建仓库安装工程 326,132.82元 叁",高
内部群,17--青海发投碱业有限公司轻灰3#热母液管线大修项目 竞价比选文件.docx,260327,docx,,,,,,,,
内部群,2、工程量清单——《嘉施利（宜城）化肥有限公司选矿项目安装工程》.xlsx,260506,xlsx,,,,,,,,
内部群,2026投标记录-武汉开明__msgX6BStGC_YOpVt9cFd9W8aw==.xlsx,260331,xlsx,,,,,,,,
内部群,2026投标记录-武汉开明__msgXdpTuIThX3Zhy6VQlRyLDg==.xlsx,260714,xlsx,,,,,,,,
内部群,2026投标记录-武汉开明__msgY7yFpBY0v_NczBwWwVdcUA==.xlsx,260410,xlsx,,,,,,,,
内部群,内部_报价单_260616_01.pdf,260616,pdf,报价单,报价单,4,0,无法判断,客户名称、金额报价,,高
内部群,碱改新建仓库.xlsx,260411,xlsx,,,,,,,,
内部群,2026投标记录-武汉开明__msgbi7KDsQC71iDAcbc4dLg1w==.xlsx,260611,xlsx,,,,,,,,
内部群,2026投标记录-武汉开明__msgc9suurlvRtvLFxjn38ex5Q==.xlsx,260625,xlsx,,,,,,,,
内部群,越堡回转窑#1轮带（西）托轮表面裂纹情况20260305.docx,260417,docx,技术资料,,0,21,加工,无,检测位置示意图 第一道裂纹： 第二道裂纹：,
内部群,2026投标记录-武汉开明__msgeL_KcSQISrXXwohf6MWlpg==.xlsx,260626,xlsx,,,,,,,,
内部群,2026投标记录-武汉开明__msgfH14XQXXiGryDbhsrt20Lg==.xlsx,260630,xlsx,,,,,,,,
内部群,2026投标记录-武汉开明(9).xlsx,260403,xlsx,,,,,,,,
内部群,7.关键条款澄清-应城市新都化工有限责任公司盐化绿色转型及产品结构调整升级项目-小苏打包装工段安装工程.xlsx,260411,xlsx,,,,,,,,
内部群,2026投标记录-武汉开明__msgjofPYRjjxkJ_eOzrYK1UKA==.xlsx,260803,xlsx,,,,,,,,
内部群,5、工程量清单-应城市新都化工有限责任公司盐化绿色转型及产品结构调整升级项目-小苏打包装工段安装工程.xlsx,260415,xlsx,,,,,,,,
内部群,2026投标记录-武汉开明__msgk3vkN8gyptcR0dRaJvcsQw==.xlsx,260703,xlsx,,,,,,,,
内部群,2026投标记录-武汉开明__msgkWVp94IwRgDIRihce4oTSA==.xlsx,260409,xlsx,,,,,,,,
内部群,260327成本测算-煅烧车间轻、重灰煅烧炉托轮送修项目.xlsx,260327,xlsx,,,,,,,,
内部群,内部_报价单_260518_01.xlsx,260518,xlsx,报价单,报价单,12,16312,无法判断,客户名称、金额报价,招 标 人： 嘉施利（宜城）化肥有限公司 工 程 名 称： 嘉施利（宜城）化肥有限公司选矿项目防腐保温工程 含税合同总价（小写）： （大写）： 投 标 人： （单位盖章） 法定代表人&#13;&#10,高
内部群,项目前期管理配套表格--江西亚东水泥有限公司五号窑头胎环滑板更换等工作.docx,260421,docx,其他,,0,2205,无法判断,客户名称,湖北开明高新 项目前期管理配套表格 一、派遣单 文件编号 ： KM-ZD-2026- 4 - 20 项目名称 ：江西亚东水泥有限公司五号窑头胎环滑板更换等工作 派遣部门 ：商务部 序号 项目 内容填写,
内部群,2026投标记录-武汉开明__msgm_zWOSuSKd9gR16DSYK8iQ==.xlsx,260411,xlsx,,,,,,,,
内部群,2026投标记录-武汉开明__msgmYUrMMy+A3jr50M+qy7qDA==.xlsx,260805,xlsx,,,,,,,,
内部群,2026投标记录-武汉开明(7).xlsx,260327,xlsx,,,,,,,,
内部群,碱改新建仓库建筑工程.xlsx,260411,xlsx,,,,,,,,
内部群,2026投标记录-武汉开明__msgnkVh96Rf_h1OpxzWARvP0Q==.xlsx,260621,xlsx,,,,,,,,
内部群,2026投标记录-武汉开明__msgoT6VQ9SiPkRNU4UzTo5N6Q==.xlsx,260706,xlsx,,,,,,,,
内部群,2026投标记录-武汉开明__msgoVGvYxwIrjY30BmyF7bc6Q==.xlsx,260613,xlsx,,,,,,,,
内部群,珠水回转窑1# （北）托轮表面裂纹情况20260302.docx,260417,docx,技术资料,,0,85,复检,无,检测位置示意图 2413000 3175 -14605 6985 1297940 69850 140 × 190面积裂纹 140 × 190面积裂纹 7620 43815,
内部群,2026投标记录-武汉开明__msgq56LwMWUPSm526PiFSyWVA==.xlsx,260729,xlsx,,,,,,,,
内部群,内部_物资清单_260428_01.xlsx,260428,xlsx,清单,物资清单,14,20000,无法判断,金额报价,招 标 人： 应城市新都化工有限责任公司 工 程 名 称： 应城市新都化工有限责任公司盐化绿色转型及产品结构调整升级项目-气化水煤浆提浓项目安装工程 含税合同总价（小写）： （大写）： 投 标 人： ,高
内部群,2026投标记录-武汉开明__msgrWpGhIn5uRcxSc1U_u4SIg==.xlsx,260807,xlsx,,,,,,,,
内部群,2026投标记录-武汉开明__msgsqGogHYmWiROWgAqU58CnQ==.xlsx,260629,xlsx,,,,,,,,
内部群,2026投标记录-武汉开明__msgtyg3elkY62pYArHRQTbvMA==.xlsx,260330,xlsx,,,,,,,,
内部群,内部_投标记录_260429_01.et,260429,et,投标记录,投标记录,0,20000,无法判断,客户名称、金额报价,搜标日期 投标名称 甲方名称 参与公司 信息来源 业务员 截止报名时间 截止投标时间 状态 报价(元) 税率 报价日期 投标结果 中标金额(元) 中标结果时间 标书费 投标保证金 限价 结果说明 备注,高
内部群,2026投标记录-武汉开明__msguVy0rPPY95H_f0LNTMYPWg==.xlsx,260623,xlsx,,,,,,,,
内部群,2026投标记录-武汉开明__msgufArMA8I8o3mJ+1dCW7P0g==.xlsx,260813,xlsx,,,,,,,,
内部群,2026投标记录-武汉开明__msgvWzUbLVf5Ir_llpJ8Qw74A==.xlsx,260716,xlsx,,,,,,,,
内部群,2026投标记录-武汉开明(8).xlsx,260401,xlsx,,,,,,,,
内部群,2026投标记录-武汉开明__msgy78hz6aK9xcpKn1tOByrgg==.xlsx,260720,xlsx,,,,,,,,
内部群,碱改新建仓库(1).xlsx,260415,xlsx,,,,,,,,
内部群,应城市新都化工有限责任公司盐化绿色转型及产品结构调整升级项目2026-2027年度维修土建工程采购公告.pdf,260807,pdf,通知公告,,1,0,无法判断,无,,
内部群,内部_证明材料_260622_01.pdf,260622,pdf,证明材料,证明材料,1,160,无法判断,客户名称、金额报价,贷款结清证明 兹证明武汉开明高新科技有限公司在我行申请的借据号JK20260609NS0M00012063项下的贷款金 额2000000.00元，发放日期为2026年06月09日，到期日为2029年0,高
内部群,农商行需要资料8.3.zip,260804,zip,其他,,0,0,无法判断,无,,
内部群,开票 60000元，预交企业所得税 税收完税证明2026-05-07 17ː03ː52.pdf,260507,pdf,票据,,1,451,无法判断,金额报价,第2 次打印 妥 善 保 管 No●337035260500035280 填发日期： 2026 年 5 月 7 日 税务机关： 国家税务总局淄博市淄川区税务局第一税务 分局（办税服务厅） 纳税人识别号,
内部群,武汉开明 4月份外管项目 完税证明 PDF合并.pdf,260512,pdf,票据,,8,4327,无法判断,金额报价,妥 善 保 管 No●334175260500013085 填发日期： 2026 年 5 月 7 日 税务机关：国家税务总局东至县税务局 纳税人识别号 91420111758179067T 纳税人名称,
内部群,新疆宜化预交税金 2026.6.9  PDF合并.pdf,260609,pdf,票据,,2,1102,无法判断,无,妥 善 保 管 No●365235260600014548 填发日期： 2026 年 6 月 9 日 税务机关： 国家税务总局新疆准东经济技术开发区税务 局 纳税人识别号 91420111758179,
内部群,内部_明细账_260803_02.xlsx,260803,xlsx,明细账,明细账,110,8804,无法判断,无,明细账 明细账 明细账 明细账 明细账 明细账 明细账 明细账 明细账 明细账 明细账 明细账 公司名称：湖北开明高新 公司名称：湖北开明高新 公司名称：湖北开明高新 公司名称：湖北开明高新 公司名称,高
内部群,内部_明细账_260803_01.xlsx,260803,xlsx,明细账,明细账,147,20000,无法判断,客户名称、金额报价,明细账 公司名称：武汉开明高新科技有限公司 期间：202606-202606 币别：综合本位币 科目编码 科目名称 辅助核算 日期 业务日期 凭证字号 摘要 对方科目 借方 贷方 余额 方向 金额 1,高
内部群,开票 40000元，预交增值税及附加 税收完税证明2026-05-07 16ː39ː50.pdf,260507,pdf,票据,,1,599,无法判断,金额报价,妥 善 保 管 No●334175260500007249 填发日期： 2026 年 5 月 7 日 税务机关：国家税务总局东至县税务局 纳税人识别号 91420111758179067T 纳税人名称,
内部群,湖北开明补充资料8.5.zip,260805,zip,其他,,0,0,无法判断,无,,
内部群,内部_投标记录_260819_01.xlsx,260819,xlsx,投标记录,投标记录,5,20000,无法判断,客户名称、金额报价,搜标日期 投标名称 甲方名称 参与公司 信息来源 业务员 截止报名时间 投标截止日期 状态 报价(元) 税率 报价日期 投标结果 中标金额(元) 中标单位 开标结果时间 标书费 投标保证金 限价 是否,高
