排序,平台名称,所属,行业,类别,网址,列表页URL,免登录看列表,需注册供应商,反爬,每天维修类公告估计,估计方法,证据URL,证据级别,核查状态,备注
1,中国招标投标公共服务平台,国家发改委,综合,公开招标门户,http://www.cebpubservice.com/,,没查（云端出网被拦，待本地探测）,没查（云端出网被拦，待本地探测）,没查（云端出网被拦，待本地探测）,,数不出来：云端无法打开页面,http://www.cebpubservice.com/,一手（搜索结果原样出现，未打开）,网址来自搜索结果；可访问性没查,
2,中国政府采购网,财政部,综合,公开招标门户,https://www.ccgp.gov.cn/,,没查（云端出网被拦，待本地探测）,没查（云端出网被拦，待本地探测）,没查（云端出网被拦，待本地探测）,,数不出来：云端无法打开页面,https://www.ccgp.gov.cn/,一手（搜索结果原样出现，未打开）,网址来自搜索结果；可访问性没查,
3,中国采购与招标网,中国经济信息社/新华社系统,综合,公开招标门户,https://www.e-bidding.org/,,没查（云端出网被拦，待本地探测）,没查（云端出网被拦，待本地探测）,没查（云端出网被拦，待本地探测）,,数不出来：云端无法打开页面,https://www.e-bidding.org/cms/china_bidding/search/otherList.html?dates=300&categoryId=107&page=1,二手（未原样核）,网址来自搜索结果；可访问性没查,另有相似名 chinabidding.com.cn，未打开核实是否为同一平台
4,全国公共资源交易平台,国家发改委,综合,公开招标门户,https://www.ggzy.gov.cn/,,没查（云端出网被拦，待本地探测）,没查（云端出网被拦，待本地探测）,没查（云端出网被拦，待本地探测）,,数不出来：云端无法打开页面,https://www.ggzy.gov.cn/,一手（搜索结果原样出现，未打开）,网址来自搜索结果；可访问性没查,
5,必联网,中国建设银行/必联电子商务,综合,公开招标门户,https://www.ebnew.com/,,没查（云端出网被拦，待本地探测）,没查（云端出网被拦，待本地探测）,没查（云端出网被拦，待本地探测）,,数不出来：云端无法打开页面,https://www.ebnew.com/,一手（搜索结果原样出现，未打开）,网址来自搜索结果；可访问性没查,
6,云南省公共资源交易中心,云南省,综合,省ggzy,https://www.ynggzy.com/,,没查（云端出网被拦，待本地探测）,没查（云端出网被拦，待本地探测）,没查（云端出网被拦，待本地探测）,,数不出来：云端无法打开页面,https://www.ynggzy.com/,二手（未原样核）,网址来自搜索结果；可访问性没查,域名非 gov.cn；另有政府域名 ggzy.yn.gov.cn 云南省公共资源交易信息网/平台，未打开核实两者关系
7,兵团公共资源交易平台,新疆生产建设兵团,综合,省ggzy,http://ggzy.xjbt.gov.cn/,,没查（云端出网被拦，待本地探测）,没查（云端出网被拦，待本地探测）,没查（云端出网被拦，待本地探测）,,数不出来：云端无法打开页面,http://ggzy.xjbt.gov.cn/,一手（搜索结果原样出现，未打开）,网址来自搜索结果；可访问性没查,
8,内蒙古自治区公共资源交易网,内蒙古自治区,综合,省ggzy,https://ggzyjy.nmg.gov.cn/,,没查（云端出网被拦，待本地探测）,没查（云端出网被拦，待本地探测）,没查（云端出网被拦，待本地探测）,,数不出来：云端无法打开页面,https://ggzyjy.nmg.gov.cn/,一手（搜索结果原样出现，未打开）,网址来自搜索结果；可访问性没查,
9,北京市公共资源交易服务平台,北京市,综合,省ggzy,https://ggzyfw.beijing.gov.cn/,,没查（云端出网被拦，待本地探测）,没查（云端出网被拦，待本地探测）,没查（云端出网被拦，待本地探测）,,数不出来：云端无法打开页面,https://ggzyfw.beijing.gov.cn/,一手（搜索结果原样出现，未打开）,网址来自搜索结果；可访问性没查,
10,吉林省公共资源交易中心,吉林省,综合,省ggzy,http://www.ggzyzx.jl.gov.cn/,,没查（云端出网被拦，待本地探测）,没查（云端出网被拦，待本地探测）,没查（云端出网被拦，待本地探测）,,数不出来：云端无法打开页面,http://www.ggzyzx.jl.gov.cn/,一手（搜索结果原样出现，未打开）,网址来自搜索结果；可访问性没查,
11,四川省公共资源交易信息网,四川省,综合,省ggzy,https://ggzyjy.sc.gov.cn/,,没查（云端出网被拦，待本地探测）,没查（云端出网被拦，待本地探测）,没查（云端出网被拦，待本地探测）,,数不出来：云端无法打开页面,https://ggzyjy.sc.gov.cn/,一手（搜索结果原样出现，未打开）,网址来自搜索结果；可访问性没查,
12,天津市公共资源交易平台,天津市,综合,省ggzy,http://ggzy.zwfwb.tj.gov.cn/,,没查（云端出网被拦，待本地探测）,没查（云端出网被拦，待本地探测）,没查（云端出网被拦，待本地探测）,,数不出来：云端无法打开页面,http://ggzy.zwfwb.tj.gov.cn/,一手（搜索结果原样出现，未打开）,网址来自搜索结果；可访问性没查,
13,宁夏回族自治区公共资源交易网,宁夏回族自治区,综合,省ggzy,https://ggzyjy.fzggw.nx.gov.cn/,,没查（云端出网被拦，待本地探测）,没查（云端出网被拦，待本地探测）,没查（云端出网被拦，待本地探测）,,数不出来：云端无法打开页面,https://ggzyjy.fzggw.nx.gov.cn/,一手（搜索结果原样出现，未打开）,网址来自搜索结果；可访问性没查,
14,山东省公共资源交易中心,山东省,综合,省ggzy,https://ggzyjyzx.shandong.gov.cn/,,没查（云端出网被拦，待本地探测）,没查（云端出网被拦，待本地探测）,没查（云端出网被拦，待本地探测）,,数不出来：云端无法打开页面,https://ggzyjyzx.shandong.gov.cn/,一手（搜索结果原样出现，未打开）,网址来自搜索结果；可访问性没查,另有 http://ggzyjy.shandong.gov.cn/ 山东省公共资源交易网，未打开核实两者关系
15,山西省公共资源交易平台,山西省,综合,省ggzy,https://prec.sxzwfw.gov.cn/,,没查（云端出网被拦，待本地探测）,没查（云端出网被拦，待本地探测）,没查（云端出网被拦，待本地探测）,,数不出来：云端无法打开页面,https://prec.sxzwfw.gov.cn/,一手（搜索结果原样出现，未打开）,网址来自搜索结果；可访问性没查,
16,广西壮族自治区公共资源交易中心网站,广西壮族自治区,综合,省ggzy,http://gxggzy.gxzf.gov.cn/,,没查（云端出网被拦，待本地探测）,没查（云端出网被拦，待本地探测）,没查（云端出网被拦，待本地探测）,,数不出来：云端无法打开页面,http://gxggzy.gxzf.gov.cn/fwdt/bszn/,一手（搜索结果原样出现，未打开）,网址来自搜索结果；可访问性没查,
17,新疆公共资源交易网,新疆维吾尔自治区,综合,省ggzy,https://ggzy.xinjiang.gov.cn/xinjiangggzy/,,没查（云端出网被拦，待本地探测）,没查（云端出网被拦，待本地探测）,没查（云端出网被拦，待本地探测）,,数不出来：云端无法打开页面,https://ggzy.xinjiang.gov.cn/xinjiangggzy/,一手（搜索结果原样出现，未打开）,网址来自搜索结果；可访问性没查,
18,江苏省公共资源交易网,江苏省,综合,省ggzy,http://jsggzy.jszwfw.gov.cn/,,没查（云端出网被拦，待本地探测）,没查（云端出网被拦，待本地探测）,没查（云端出网被拦，待本地探测）,,数不出来：云端无法打开页面,http://jsggzy.jszwfw.gov.cn/,一手（搜索结果原样出现，未打开）,网址来自搜索结果；可访问性没查,
19,江西省公共资源交易平台,江西省,综合,省ggzy,https://www.jxsggzy.cn/,,没查（云端出网被拦，待本地探测）,没查（云端出网被拦，待本地探测）,没查（云端出网被拦，待本地探测）,,数不出来：云端无法打开页面,https://www.jxsggzy.cn/,二手（未原样核）,网址来自搜索结果；可访问性没查,另有 ggzy.jiangxi.gov.cn 政府域名同名平台，未打开核实两者关系
20,河北省全国公共资源交易平台,河北省,综合,省ggzy,https://szj.hebei.gov.cn/hbggfwpt/,,没查（云端出网被拦，待本地探测）,没查（云端出网被拦，待本地探测）,没查（云端出网被拦，待本地探测）,,数不出来：云端无法打开页面,https://szj.hebei.gov.cn/hbggfwpt/,一手（搜索结果原样出现，未打开）,网址来自搜索结果；可访问性没查,
21,河南省公共资源交易中心,河南省,综合,省ggzy,https://hnsggzyjy.henan.gov.cn/,,没查（云端出网被拦，待本地探测）,没查（云端出网被拦，待本地探测）,没查（云端出网被拦，待本地探测）,,数不出来：云端无法打开页面,https://hnsggzyjy.henan.gov.cn/,一手（搜索结果原样出现，未打开）,网址来自搜索结果；可访问性没查,
22,浙江省公共资源交易服务平台系统,浙江省,综合,省ggzy,https://ggzy.zj.gov.cn/,,没查（云端出网被拦，待本地探测）,没查（云端出网被拦，待本地探测）,没查（云端出网被拦，待本地探测）,,数不出来：云端无法打开页面,https://ggzy.zj.gov.cn/,一手（搜索结果原样出现，未打开）,网址来自搜索结果；可访问性没查,
23,海南省公共资源交易服务中心,海南省,综合,省ggzy,https://ggzy.hainan.gov.cn/,,没查（云端出网被拦，待本地探测）,没查（云端出网被拦，待本地探测）,没查（云端出网被拦，待本地探测）,,数不出来：云端无法打开页面,https://ggzy.hainan.gov.cn/,一手（搜索结果原样出现，未打开）,网址来自搜索结果；可访问性没查,
24,湖北省公共资源电子交易服务系统,湖北省,综合,省ggzy,https://www.hbggzyfwpt.cn/,,没查（云端出网被拦，待本地探测）,没查（云端出网被拦，待本地探测）,没查（云端出网被拦，待本地探测）,,数不出来：云端无法打开页面,https://www.hbggzyfwpt.cn/,二手（未原样核）,网址来自搜索结果；可访问性没查,域名非 gov.cn，未打开核实
25,湖南省公共资源交易中心,湖南省,综合,省ggzy,https://ggzy.hunan.gov.cn/,,没查（云端出网被拦，待本地探测）,没查（云端出网被拦，待本地探测）,没查（云端出网被拦，待本地探测）,,数不出来：云端无法打开页面,https://ggzy.hunan.gov.cn/,一手（搜索结果原样出现，未打开）,网址来自搜索结果；可访问性没查,
26,甘肃省公共资源交易网,甘肃省,综合,省ggzy,https://ggzyjy.gansu.gov.cn/,,没查（云端出网被拦，待本地探测）,没查（云端出网被拦，待本地探测）,没查（云端出网被拦，待本地探测）,,数不出来：云端无法打开页面,https://ggzyjy.gansu.gov.cn/,一手（搜索结果原样出现，未打开）,网址来自搜索结果；可访问性没查,
27,福建省公共资源交易电子公共服务平台,福建省,综合,省ggzy,https://ggzyfw.fujian.gov.cn/,,没查（云端出网被拦，待本地探测）,没查（云端出网被拦，待本地探测）,没查（云端出网被拦，待本地探测）,,数不出来：云端无法打开页面,https://ggzyfw.fujian.gov.cn/,一手（搜索结果原样出现，未打开）,网址来自搜索结果；可访问性没查,
28,西藏自治区公共资源交易平台,西藏自治区,综合,省ggzy,https://ggzy.xizang.gov.cn/,,没查（云端出网被拦，待本地探测）,没查（云端出网被拦，待本地探测）,没查（云端出网被拦，待本地探测）,,数不出来：云端无法打开页面,https://ggzy.xizang.gov.cn/,一手（搜索结果原样出现，未打开）,网址来自搜索结果；可访问性没查,
29,贵州省公共资源交易云,贵州省,综合,省ggzy,https://ggzy.guizhou.gov.cn/,,没查（云端出网被拦，待本地探测）,没查（云端出网被拦，待本地探测）,没查（云端出网被拦，待本地探测）,,数不出来：云端无法打开页面,https://ggzy.guizhou.gov.cn/,一手（搜索结果原样出现，未打开）,网址来自搜索结果；可访问性没查,
30,辽宁省公共资源交易中心,辽宁省,综合,省ggzy,https://ggzy.ln.gov.cn/,,没查（云端出网被拦，待本地探测）,没查（云端出网被拦，待本地探测）,没查（云端出网被拦，待本地探测）,,数不出来：云端无法打开页面,https://ggzy.ln.gov.cn/,一手（搜索结果原样出现，未打开）,网址来自搜索结果；可访问性没查,搜索摘要还提及辽宁省公共资源交易一张网电子化平台 www.lnsggzy.com，未打开核实
31,重庆市公共资源交易网,重庆市,综合,省ggzy,https://www.cqggzy.com/,,没查（云端出网被拦，待本地探测）,没查（云端出网被拦，待本地探测）,没查（云端出网被拦，待本地探测）,,数不出来：云端无法打开页面,https://www.cqggzy.com/,二手（未原样核）,网址来自搜索结果；可访问性没查,域名非 gov.cn；另有政府域名 重庆市公共资源交易监督网 ggzyjyjgj.cq.gov.cn，未打开核实两者关系
32,陕西省公共资源交易中心,陕西省,综合,省ggzy,https://www.sxggzyjy.cn/,,没查（云端出网被拦，待本地探测）,没查（云端出网被拦，待本地探测）,没查（云端出网被拦，待本地探测）,,数不出来：云端无法打开页面,https://www.sxggzyjy.cn/index.html,二手（未原样核）,网址来自搜索结果；可访问性没查,域名非 gov.cn，未打开核实
33,青海公共资源交易网,青海省,综合,省ggzy,https://www.qhggzyjy.gov.cn/ggzy/,,没查（云端出网被拦，待本地探测）,没查（云端出网被拦，待本地探测）,没查（云端出网被拦，待本地探测）,,数不出来：云端无法打开页面,https://www.qhggzyjy.gov.cn/ggzy/,一手（搜索结果原样出现，未打开）,网址来自搜索结果；可访问性没查,
34,黑龙江公共资源交易网,黑龙江省,综合,省ggzy,https://ggzyjyw.hlj.gov.cn/,,没查（云端出网被拦，待本地探测）,没查（云端出网被拦，待本地探测）,没查（云端出网被拦，待本地探测）,,数不出来：云端无法打开页面,https://ggzyjyw.hlj.gov.cn/,一手（搜索结果原样出现，未打开）,网址来自搜索结果；可访问性没查,
35,上海市建设工程交易服务中心（上海公共资源交易相关）,上海市,综合,省工程交易中心,https://www.shcpe.cn/,,没查（云端出网被拦，待本地探测）,没查（云端出网被拦，待本地探测）,没查（云端出网被拦，待本地探测）,,数不出来：云端无法打开页面,https://www.shcpe.cn/,一手（搜索结果原样出现，未打开）,网址来自搜索结果；可访问性没查,未搜到明确名为“上海市公共资源交易中心”的统一官方域名，此为搜索结果中最相关的政府侧公共资源交易服务网站；另有 zjw.sh.gov.cn/gcztb 工程招投标栏目；修正：是建设工程交易中心，不是省 ggzy；上海 ggzy 统一入口未搜到
36,云南省政府采购网,云南省,工业,省政府采购网,http://www.ccgp-yunnan.gov.cn/,,没查（云端出网被拦，待本地探测）,没查（云端出网被拦，待本地探测）,没查（云端出网被拦，待本地探测）,,数不出来：云端无法打开页面,http://www.ccgp-yunnan.gov.cn/,一手（搜索结果原样出现，未打开）,网址来自搜索结果；可访问性没查,
37,内蒙古自治区政府采购网,内蒙古自治区,工业,省政府采购网,https://www.ccgp-neimenggu.gov.cn/,,没查（云端出网被拦，待本地探测）,没查（云端出网被拦，待本地探测）,没查（云端出网被拦，待本地探测）,,数不出来：云端无法打开页面,https://www.ccgp-neimenggu.gov.cn/,一手（搜索结果原样出现，未打开）,网址来自搜索结果；可访问性没查,
38,四川政府采购网,四川省,工业,省政府采购网,https://www.ccgp-sichuan.gov.cn/,,没查（云端出网被拦，待本地探测）,没查（云端出网被拦，待本地探测）,没查（云端出网被拦，待本地探测）,,数不出来：云端无法打开页面,https://www.ccgp-sichuan.gov.cn/,一手（搜索结果原样出现，未打开）,网址来自搜索结果；可访问性没查,
39,山东省政府采购信息公开平台,山东省,工业,省政府采购网,http://www.ccgp-shandong.gov.cn/,,没查（云端出网被拦，待本地探测）,没查（云端出网被拦，待本地探测）,没查（云端出网被拦，待本地探测）,,数不出来：云端无法打开页面,http://www.ccgp-shandong.gov.cn/,一手（搜索结果原样出现，未打开）,网址来自搜索结果；可访问性没查,该链接为此前搜索“山东省公共资源交易网 官网”结果中附带出现
40,山西省政府采购网,山西省,工业,省政府采购网,http://www.ccgp-shanxi.gov.cn/,,没查（云端出网被拦，待本地探测）,没查（云端出网被拦，待本地探测）,没查（云端出网被拦，待本地探测）,,数不出来：云端无法打开页面,http://www.ccgp-shanxi.gov.cn/,一手（搜索结果原样出现，未打开）,网址来自搜索结果；可访问性没查,
41,河北省政府采购网,河北省,工业,省政府采购网,http://www.ccgp-hebei.gov.cn/hd/hd/,,没查（云端出网被拦，待本地探测）,没查（云端出网被拦，待本地探测）,没查（云端出网被拦，待本地探测）,,数不出来：云端无法打开页面,http://www.ccgp-hebei.gov.cn/hd/hd/,一手（搜索结果原样出现，未打开）,网址来自搜索结果；可访问性没查,搜索结果给出的入口 hebeicg.ccpc360.com 非 gov.cn 官方域名，另一结果 www.ccgp-hebei.gov.cn/hd/hd/ 未见到直接的顶级官网首页确认，未核实到明确统一官网，故留空；修正：官方 ccgp-hebei.gov.cn 链接原样出现在搜索结果中，与其余 6 个 ccgp-省 同一标准收录；首页未核
42,河南省政府采购网,河南省,工业,省政府采购网,http://www.ccgp-henan.gov.cn/,,没查（云端出网被拦，待本地探测）,没查（云端出网被拦，待本地探测）,没查（云端出网被拦，待本地探测）,,数不出来：云端无法打开页面,http://www.ccgp-henan.gov.cn/,一手（搜索结果原样出现，未打开）,网址来自搜索结果；可访问性没查,
43,辽宁政府采购网,辽宁省,工业,省政府采购网,https://www.ccgp-liaoning.gov.cn/,,没查（云端出网被拦，待本地探测）,没查（云端出网被拦，待本地探测）,没查（云端出网被拦，待本地探测）,,数不出来：云端无法打开页面,https://www.ccgp-liaoning.gov.cn/,一手（搜索结果原样出现，未打开）,网址来自搜索结果；可访问性没查,
44,广东省政府采购中心/公共资源交易平台,广东省,综合,省政府采购网,http://gpcgd.gd.gov.cn/,,没查（云端出网被拦，待本地探测）,没查（云端出网被拦，待本地探测）,没查（云端出网被拦，待本地探测）,,数不出来：云端无法打开页面,http://gpcgd.gd.gov.cn/,一手（搜索结果原样出现，未打开）,网址来自搜索结果；可访问性没查,搜索摘要称该网站由广东省公共资源交易中心运营，未搜到独立命名的“广东省公共资源交易中心”官方域名；修正：gpcgd 为省政府采购中心
45,万华电子招标投标交易网,万华化学,化工,集团SRM,https://ebidding.whchem.com/,,没查（云端出网被拦，待本地探测）,没查（云端出网被拦，待本地探测）,没查（云端出网被拦，待本地探测）,,数不出来：云端无法打开页面,https://ebidding.whchem.com/,一手（搜索结果原样出现，未打开）,网址来自搜索结果；可访问性没查,搜索摘要提及招标文件仅在该网站在线发售，需注册审核后报名投标，未打开核实
46,中国中化电子招投标平台,中国中化（中化商务）,化工,集团SRM,https://ebid.sinochemitc.com/web-portal/,,没查（云端出网被拦，待本地探测）,没查（云端出网被拦，待本地探测）,没查（云端出网被拦，待本地探测）,,数不出来：云端无法打开页面,https://ebid.sinochemitc.com/web-portal/,一手（搜索结果原样出现，未打开）,网址来自搜索结果；可访问性没查,
47,中国化学电子招标投标交易平台,中国化学工程集团,化工,集团SRM,https://bid.cncecyc.com/,,没查（云端出网被拦，待本地探测）,没查（云端出网被拦，待本地探测）,没查（云端出网被拦，待本地探测）,,数不出来：云端无法打开页面,https://bid.cncecyc.com/,一手（搜索结果原样出现，未打开）,网址来自搜索结果；可访问性没查,覆盖石油化工、煤化工等化学工程招标，非中国化工集团(ChemChina)本身，注意区分
48,中国化工集团电商平台,中国化工集团（ChemChina）,化工,集团SRM,https://e-chemchina.com/,,没查（云端出网被拦，待本地探测）,没查（云端出网被拦，待本地探测）,没查（云端出网被拦，待本地探测）,,数不出来：云端无法打开页面,https://e-chemchina.com/,一手（搜索结果原样出现，未打开）,网址来自搜索结果；可访问性没查,
49,中国海洋石油集团采办业务管理与交易系统,中海油,化工,集团SRM,https://buy.cnooc.com.cn/cbjyweb/,,没查（云端出网被拦，待本地探测）,没查（云端出网被拦，待本地探测）,没查（云端出网被拦，待本地探测）,,数不出来：云端无法打开页面,https://buy.cnooc.com.cn/cbjyweb/,一手（搜索结果原样出现，未打开）,网址来自搜索结果；可访问性没查,
50,中国石化电子招标投标交易网,中国石化,化工,集团SRM,https://ebidding.sinopec.com/TPWeb4AAA/,,没查（云端出网被拦，待本地探测）,没查（云端出网被拦，待本地探测）,没查（云端出网被拦，待本地探测）,,数不出来：云端无法打开页面,https://ebidding.sinopec.com/TPWeb4AAA/,一手（搜索结果原样出现，未打开）,网址来自搜索结果；可访问性没查,
51,中国石油招标投标网,中国石油,化工,集团SRM,https://www.cnpcbidding.com/,,没查（云端出网被拦，待本地探测）,没查（云端出网被拦，待本地探测）,没查（云端出网被拦，待本地探测）,,数不出来：云端无法打开页面,https://www.cnpcbidding.com/,一手（搜索结果原样出现，未打开）,网址来自搜索结果；可访问性没查,
52,易派客,中国石化,化工,集团SRM,https://bidding.epec.com/,,没查（云端出网被拦，待本地探测）,没查（云端出网被拦，待本地探测）,没查（云端出网被拦，待本地探测）,,数不出来：云端无法打开页面,http://www.sasac.gov.cn/n2588020/n2877928/n4511638/c4613049/content.html,二手（未原样核）,网址来自搜索结果；可访问性没查,url应为易派客官方域名，搜索结果显示中石化物资电子招投标交易网另有 https://bidding.epec.com/ 及 https://ebidding.sinopec.com/TPWeb4AAA/，均属中石化体系，此处以epec相关链接为准；未打开逐一核实各域名归属关系；修正：原记录 url 误写为 ouyeel.com（欧冶，属宝武）；子 agent 备注称搜索结果显示 bidding.epec.com / ebidding.sinopec.com，未原样核
53,荣盛石化电商平台,荣盛石化（含浙石化、中金石化）,化工,集团SRM,https://mall.rong-sheng.com/,,没查（云端出网被拦，待本地探测）,没查（云端出网被拦，待本地探测）,没查（云端出网被拦，待本地探测）,,数不出来：云端无法打开页面,https://mall.rong-sheng.com/Home/Tendernotice,一手（搜索结果原样出现，未打开）,网址来自搜索结果；可访问性没查,
54,中国五矿集团供应链管理平台,中国五矿集团,有色,集团SRM,https://ec.minmetals.com.cn/,,没查（云端出网被拦，待本地探测）,没查（云端出网被拦，待本地探测）,没查（云端出网被拦，待本地探测）,,数不出来：云端无法打开页面,https://ec.minmetals.com.cn/,一手（搜索结果原样出现，未打开）,网址来自搜索结果；可访问性没查,
55,中国有色集团采购招标电子商务平台,中国有色矿业集团,有色,集团SRM,http://ecp.cnmc.com.cn/,,没查（云端出网被拦，待本地探测）,没查（云端出网被拦，待本地探测）,没查（云端出网被拦，待本地探测）,,数不出来：云端无法打开页面,http://ecp.cnmc.com.cn/,一手（搜索结果原样出现，未打开）,网址来自搜索结果；可访问性没查,
56,中国黄金电子招标商务平台,中国黄金集团,有色,集团SRM,https://jzcg.chinagoldgroup.com/,,没查（云端出网被拦，待本地探测）,没查（云端出网被拦，待本地探测）,没查（云端出网被拦，待本地探测）,,数不出来：云端无法打开页面,https://jzcg.chinagoldgroup.com/,一手（搜索结果原样出现，未打开）,网址来自搜索结果；可访问性没查,
57,中铝集团绿星链通招标平台,中国铝业（中铝集团）,有色,集团SRM,https://zb.chinalco.com.cn/,,没查（云端出网被拦，待本地探测）,没查（云端出网被拦，待本地探测）,没查（云端出网被拦，待本地探测）,,数不出来：云端无法打开页面,https://zb.chinalco.com.cn/,一手（搜索结果原样出现，未打开）,网址来自搜索结果；可访问性没查,另有中铝集团电子招投标平台eb.chinalco.com.cn及电子采购交易系统e-al.chinalco.com.cn，疑为同集团不同子系统，未逐一核实关系
58,山东黄金供应链管理系统招标采购平台,山东黄金集团,有色,集团SRM,https://scm.sd-gold.com/ierp/login.html,,没查（云端出网被拦，待本地探测）,没查（云端出网被拦，待本地探测）,没查（云端出网被拦，待本地探测）,,数不出来：云端无法打开页面,https://scm.sd-gold.com/ierp/login.html,二手（未原样核）,网址来自搜索结果；可访问性没查,该域名由搜索摘要文字给出，未在链接列表原文中直接出现，未打开核实是否可访问；修正：同上
59,江西铜业集团采购管理系统,江西铜业集团,有色,集团SRM,http://ec.jxcc.com/web/index,,没查（云端出网被拦，待本地探测）,没查（云端出网被拦，待本地探测）,没查（云端出网被拦，待本地探测）,,数不出来：云端无法打开页面,http://ec.jxcc.com/web/index,一手（搜索结果原样出现，未打开）,网址来自搜索结果；可访问性没查,
60,紫金矿业招投标平台,紫金矿业集团,有色,集团SRM,https://www.zjky.cn/site/Bidding.jsp,,没查（云端出网被拦，待本地探测）,没查（云端出网被拦，待本地探测）,没查（云端出网被拦，待本地探测）,,数不出来：云端无法打开页面,https://www.zjky.cn/site/Bidding.jsp,一手（搜索结果原样出现，未打开）,网址来自搜索结果；可访问性没查,
61,金川集团电子招标投标交易平台,金川集团,有色,集团SRM,http://ebidding.jnmc.com/,,没查（云端出网被拦，待本地探测）,没查（云端出网被拦，待本地探测）,没查（云端出网被拦，待本地探测）,,数不出来：云端无法打开页面,http://ebidding.jnmc.com/,二手（未原样核）,网址来自搜索结果；可访问性没查,该域名由搜索摘要文字给出，未在链接列表原文中直接出现，未打开核实是否可访问；修正：域名仅由搜索摘要文字给出，未在链接列表中原样出现
62,铜陵有色集团电子采购（招投标）系统,铜陵有色集团,有色,集团SRM,https://ec.tlys.cn:10000/,,没查（云端出网被拦，待本地探测）,没查（云端出网被拦，待本地探测）,没查（云端出网被拦，待本地探测）,,数不出来：云端无法打开页面,https://ec.tlys.cn:10000/,一手（搜索结果原样出现，未打开）,网址来自搜索结果；可访问性没查,
63,中国建材集团招标采购管理平台,中国建材集团,水泥,集团SRM,https://tendering.cnbm.com.cn/,,没查（云端出网被拦，待本地探测）,没查（云端出网被拦，待本地探测）,没查（云端出网被拦，待本地探测）,,数不出来：云端无法打开页面,https://tendering.cnbm.com.cn/,一手（搜索结果原样出现，未打开）,网址来自搜索结果；可访问性没查,
64,中国建材集团采购平台,中国建材集团,水泥,集团SRM,https://c.cnbm.com.cn/,,没查（云端出网被拦，待本地探测）,没查（云端出网被拦，待本地探测）,没查（云端出网被拦，待本地探测）,,数不出来：云端无法打开页面,https://c.cnbm.com.cn/,一手（搜索结果原样出现，未打开）,网址来自搜索结果；可访问性没查,
65,华润守正电子招标平台,华润集团（含华润水泥）,水泥,集团SRM,http://www.crpsz.com/,,没查（云端出网被拦，待本地探测）,没查（云端出网被拦，待本地探测）,没查（云端出网被拦，待本地探测）,,数不出来：云端无法打开页面,http://www.crpsz.com/,一手（搜索结果原样出现，未打开）,网址来自搜索结果；可访问性没查,搜索结果显示华润守正另有www.szecp.com.cn域名，称将启用新网站，未逐一核实两域名关系
66,台泥阳光采购平台,台泥集团（TCC）,水泥,集团SRM,https://ebidding.taiwancement.com/ebidding/?comArea=tcc,,没查（云端出网被拦，待本地探测）,没查（云端出网被拦，待本地探测）,没查（云端出网被拦，待本地探测）,,数不出来：云端无法打开页面,https://ebidding.taiwancement.com/ebidding/?comArea=tcc,一手（搜索结果原样出现，未打开）,网址来自搜索结果；可访问性没查,另有台泥大陆专区 comArea=tcc_cn
67,天山水泥招标采购平台,新疆天山水泥（中国建材/天山股份）,水泥,集团SRM,https://www.tscgw.cn/,,没查（云端出网被拦，待本地探测）,没查（云端出网被拦，待本地探测）,没查（云端出网被拦，待本地探测）,,数不出来：云端无法打开页面,https://www.tscgw.cn/Page/FrmTenderAnnouncementDetail.aspx?FAnnouncementID=1001961380&FProjectID=1036680880&FModelCategoryID=22,一手（搜索结果原样出现，未打开）,网址来自搜索结果；可访问性没查,
68,海螺阳光智慧采购平台,海螺集团,水泥,集团SRM,https://srm.chinaconch.com/oauth/,,没查（云端出网被拦，待本地探测）,没查（云端出网被拦，待本地探测）,没查（云端出网被拦，待本地探测）,,数不出来：云端无法打开页面,https://srm.chinaconch.com/oauth/,一手（搜索结果原样出现，未打开）,网址来自搜索结果；可访问性没查,搜索结果亦提及“海螺物资阳光采购平台”ygcg.conch.cn及“海螺集团招采平台”hlzc.chinaconch.com，疑为同集团多平台/曾用域名，未逐一打开核实
69,红狮招投标平台,红狮控股集团,水泥,集团SRM,https://ztb.hongshijt.com/,,没查（云端出网被拦，待本地探测）,没查（云端出网被拦，待本地探测）,没查（云端出网被拦，待本地探测）,,数不出来：云端无法打开页面,https://ztb.hongshijt.com/,一手（搜索结果原样出现，未打开）,网址来自搜索结果；可访问性没查,
70,金隅集团阳光招采平台,金隅集团/金隅冀东,水泥,集团SRM,https://www.bbmgzc.com/,,没查（云端出网被拦，待本地探测）,没查（云端出网被拦，待本地探测）,没查（云端出网被拦，待本地探测）,,数不出来：云端无法打开页面,https://www.bbmgzc.com/,一手（搜索结果原样出现，未打开）,网址来自搜索结果；可访问性没查,搜索摘要称旧平台cg.jdsn.com.cn已于2023年5月31日将冀东水泥所属企业业务迁移至此新平台，未打开核实迁移细节
71,中国三峡集团电子采购平台,三峡集团,电力,集团SRM,https://eps.ctg.com.cn/,,没查（云端出网被拦，待本地探测）,没查（云端出网被拦，待本地探测）,没查（云端出网被拦，待本地探测）,,数不出来：云端无法打开页面,https://eps.ctg.com.cn/,一手（搜索结果原样出现，未打开）,网址来自搜索结果；可访问性没查,
72,中国华能集团电子商务平台,华能集团,电力,集团SRM,http://ec.chng.com.cn/ecmall/more.do?type=103,,没查（云端出网被拦，待本地探测）,没查（云端出网被拦，待本地探测）,没查（云端出网被拦，待本地探测）,,数不出来：云端无法打开页面,http://ec.chng.com.cn/ecmall/more.do?type=103,一手（搜索结果原样出现，未打开）,网址来自搜索结果；可访问性没查,
73,中广核电子商务平台,中国广核集团,电力,集团SRM,https://ecp.cgnpc.com.cn/,,没查（云端出网被拦，待本地探测）,没查（云端出网被拦，待本地探测）,没查（云端出网被拦，待本地探测）,,数不出来：云端无法打开页面,https://ecp.cgnpc.com.cn/,一手（搜索结果原样出现，未打开）,网址来自搜索结果；可访问性没查,
74,中核集团电子采购平台,中国核工业集团,电力,集团SRM,http://www.cnncecp.com/,,没查（云端出网被拦，待本地探测）,没查（云端出网被拦，待本地探测）,没查（云端出网被拦，待本地探测）,,数不出来：云端无法打开页面,http://cnncecp.toobiao.com/,二手（未原样核）,网址来自搜索结果；可访问性没查,官方域名www.cnncecp.com由搜索摘要文字给出，未在链接列表中直接出现，故evidence_url采用可见的镜像链接，未打开逐一核实
75,北京京能电子商务平台（京能e购）,京能集团,电力,集团SRM,https://www.powerbeijing-eshop.com/,,没查（云端出网被拦，待本地探测）,没查（云端出网被拦，待本地探测）,没查（云端出网被拦，待本地探测）,,数不出来：云端无法打开页面,https://www.powerbeijing-eshop.com/biddingBulletin/2026-03-17/314073.html,一手（搜索结果原样出现，未打开）,网址来自搜索结果；可访问性没查,
76,南方电网供应链统一服务平台,南方电网,电力,集团SRM,https://www.bidding.csg.cn/,,没查（云端出网被拦，待本地探测）,没查（云端出网被拦，待本地探测）,没查（云端出网被拦，待本地探测）,,数不出来：云端无法打开页面,https://www.bidding.csg.cn/,一手（搜索结果原样出现，未打开）,网址来自搜索结果；可访问性没查,另有南方电网电子采购交易平台ecsg.com.cn，疑为集团另一采购系统，未逐一核实关系
77,国家电投电子商务平台（电能e招采）,国家电投集团,电力,集团SRM,https://ebid.espic.com.cn/,,没查（云端出网被拦，待本地探测）,没查（云端出网被拦，待本地探测）,没查（云端出网被拦，待本地探测）,,数不出来：云端无法打开页面,https://ebid.espic.com.cn/sdny_bulletin/2022-05-08/31289.html,一手（搜索结果原样出现，未打开）,网址来自搜索结果；可访问性没查,平台由国家电投全资子公司中国电能成套设备有限公司旗下电能易购建设运营
78,国家电网新一代电子商务平台（ECP）,国家电网,电力,集团SRM,https://ecp.sgcc.com.cn/,,没查（云端出网被拦，待本地探测）,没查（云端出网被拦，待本地探测）,没查（云端出网被拦，待本地探测）,,数不出来：云端无法打开页面,https://ecp.sgcc.com.cn/,一手（搜索结果原样出现，未打开）,网址来自搜索结果；可访问性没查,
79,国家能源集团招标平台（国能e招）,国家能源集团,电力,集团SRM,https://www.chnenergybidding.com.cn/,,没查（云端出网被拦，待本地探测）,没查（云端出网被拦，待本地探测）,没查（云端出网被拦，待本地探测）,,数不出来：云端无法打开页面,https://www.chnenergybidding.com.cn/bidweb/001/001005/7313.html,一手（搜索结果原样出现，未打开）,网址来自搜索结果；可访问性没查,该域名疑为电力招标信息网镜像站，未查到国家能源集团一级官方域名，未打开核实归属；修正：原记录为镜像 e-chnenergy.dlzbxx.com；C2 搜索结果原样出现官方域名 chnenergybidding.com.cn 的公告链接（C2/候选链接.jsonl 第21、36行）
80,大唐电子商务平台,大唐集团,电力,集团SRM,https://www.cdt-ec.com/home/,,没查（云端出网被拦，待本地探测）,没查（云端出网被拦，待本地探测）,没查（云端出网被拦，待本地探测）,,数不出来：云端无法打开页面,https://www.cdt-ec.com/home/,一手（搜索结果原样出现，未打开）,网址来自搜索结果；可访问性没查,
81,浙江能源集团智慧供应链一体化平台,浙能集团,电力,集团SRM,https://zsrm.zjenergy.com.cn/,,没查（云端出网被拦，待本地探测）,没查（云端出网被拦，待本地探测）,没查（云端出网被拦，待本地探测）,,数不出来：云端无法打开页面,https://zsrm.zjenergy.com.cn/,一手（搜索结果原样出现，未打开）,网址来自搜索结果；可访问性没查,另有浙能商务网zeec.cn/zeec.dlzbxx.com，疑为集团旧平台，未逐一核实
82,包钢电子采购智慧平台,包钢集团,钢铁,集团SRM,https://bdep.btsteel.com/,,没查（云端出网被拦，待本地探测）,没查（云端出网被拦，待本地探测）,没查（云端出网被拦，待本地探测）,,数不出来：云端无法打开页面,https://bdep.btsteel.com/,一手（搜索结果原样出现，未打开）,网址来自搜索结果；可访问性没查,搜索摘要提及投标前需办理CA数字证书、响应文件须加密上传，未打开核实
83,建龙云采（龙翔云商）,建龙集团,钢铁,集团SRM,https://ebuy.longscs.com/,,没查（云端出网被拦，待本地探测）,没查（云端出网被拦，待本地探测）,没查（云端出网被拦，待本地探测）,,数不出来：云端无法打开页面,https://ebuy.longscs.com/,一手（搜索结果原样出现，未打开）,网址来自搜索结果；可访问性没查,搜索结果称其为“建龙集团唯一的采购平台”
84,欧冶云商,中国宝武钢铁集团,钢铁,集团SRM,https://www.ouyeel.com/,,没查（云端出网被拦，待本地探测）,没查（云端出网被拦，待本地探测）,没查（云端出网被拦，待本地探测）,,数不出来：云端无法打开页面,https://www.ouyeel.com/,一手（搜索结果原样出现，未打开）,网址来自搜索结果；可访问性没查,修正：存疑：欧冶云商主要是钢材交易平台，宝武设备维修采购是否在此发布未核
85,沙钢集团电子采购门户,沙钢集团,钢铁,集团SRM,https://ebs.shasteel.cn/,,没查（云端出网被拦，待本地探测）,没查（云端出网被拦，待本地探测）,没查（云端出网被拦，待本地探测）,,数不出来：云端无法打开页面,https://ebs.shasteel.cn/pur_portal/tel-us.html,一手（搜索结果原样出现，未打开）,网址来自搜索结果；可访问性没查,搜索摘要提及供应商需登录平台完成注册、资质审核等，未打开核实
86,河钢供应链管理平台,河钢集团,钢铁,集团SRM,http://www.hbisscm.com/index,,没查（云端出网被拦，待本地探测）,没查（云端出网被拦，待本地探测）,没查（云端出网被拦，待本地探测）,,数不出来：云端无法打开页面,http://www.hbisscm.com/index,一手（搜索结果原样出现，未打开）,网址来自搜索结果；可访问性没查,
87,鞍钢智慧招投标平台,鞍钢集团,钢铁,集团SRM,https://bid.ansteel.cn/,,没查（云端出网被拦，待本地探测）,没查（云端出网被拦，待本地探测）,没查（云端出网被拦，待本地探测）,,数不出来：云端无法打开页面,https://bid.ansteel.cn/,一手（搜索结果原样出现，未打开）,网址来自搜索结果；可访问性没查,另有鞍钢集团电子招投标交易平台ansteelscm.com，疑为同集团另一系统，未逐一核实
88,首钢招标采购平台,首钢集团,钢铁,集团SRM,https://zb.sggylpt.com/,,没查（云端出网被拦，待本地探测）,没查（云端出网被拦，待本地探测）,没查（云端出网被拦，待本地探测）,,数不出来：云端无法打开页面,https://zb.sggylpt.com/,一手（搜索结果原样出现，未打开）,网址来自搜索结果；可访问性没查,搜索摘要提及投标需在线注册登录、下载文件前需付费800元(平台使用费)，未打开核实
89,华新水泥集团自建采购平台,华新水泥,水泥,集团SRM,,,,,,,,,,查了没有（搜索未找到自建平台网址）,仅查到华新水泥各分公司在千里马招标网等第三方平台发布询比价公告，未发现华新自建的集团级电子采购平台
90,亚泰电子招标采购平台,亚泰集团,水泥,集团SRM,,,,,,,,https://m.emailbak.com/zc/,二手（镜像/第三方）,查了有平台，但只搜到第三方镜像、没搜到官方网址（镜像见证据URL）,该链接为第三方镜像页面，未查到亚泰集团官方一级域名，故url留空
91,山水水泥集团自建采购平台,山水水泥集团,水泥,集团SRM,,,,,,,,,,查了没有（搜索未找到自建平台网址）,仅查到山水集团官网基本信息，未发现其电子采购/招标平台
92,华菱集团自建电子采购平台,华菱钢铁（Valin）,钢铁,集团SRM,,,,,,,,,,查了没有（搜索未找到自建平台网址）,仅查到华菱钢铁官网及下属涟源钢铁招标公告页面，未发现华菱集团级别的电子采购/招标平台
93,恒力集团自建电子采购平台,恒力集团/恒力石化,化工,集团SRM,,,,,,,,,,查了没有（搜索未找到自建平台网址）,仅查到恒力相关项目分散刊登在中国石化、中国化学等第三方招标平台，未发现恒力集团自建的采购/招标平台
94,中国华电集团电子商务平台,华电集团,电力,集团SRM,,,,,,,,https://hddz.ccpc360.com/,二手（镜像/第三方）,查了有平台，但只搜到第三方镜像、没搜到官方网址（镜像见证据URL）,搜索结果多为第三方镜像站(ccpc360.com等)，未找到华电集团一级官方域名，url留空
95,广东能源集团自建采购平台,广东能源集团,电力,集团SRM,,,,,,,,,,查了没有（搜索未找到自建平台网址）,搜索结果中广东能源相关招标均刊登在广东省机电设备招标中心(gdebidding.com)等第三方平台，以及疑似第三方镜像“广东能源商务网”(gdydb2b.toobiao.com)，未发现广东能源集团自建的一级官方采购域名
96,申能集团自建电子采购平台,申能集团,电力,集团SRM,,,,,,,,,,查了没有（搜索未找到自建平台网址）,搜索结果显示申能相关招标项目由上海机电设备招标有限公司(SMEETC，shbid.com)等第三方代理机构平台发布，未发现申能集团自建的电子采购平台
97,云南铜业独立自建采购平台,云南铜业,有色,集团SRM,,,,,,,,,,查了没有（搜索未找到自建平台网址）,云南铜业为中铝集团下属企业，其采购主要通过中铝集团绿星链通招标平台及“中铜阳光采购平台”进行，未发现云南铜业自身独立的集团级采购平台
98,洛阳钼业独立自建采购平台,洛阳钼业,有色,集团SRM,,,,,,,,,,查了没有（搜索未找到自建平台网址）,搜索结果未见洛阳钼业自建的集团级电子采购/招标平台，其相关矿业子公司招标多刊登在洛阳市公共资源交易中心等地方公共平台
99,安徽省公共资源交易电子服务平台,安徽省,综合,省ggzy,,,,,,,,https://ahggzy.dljczb.com/,二手（镜像/第三方）,查了有平台，但只搜到第三方镜像、没搜到官方网址（镜像见证据URL）,域名非 gov.cn，为第三方技术支持域名，未打开核实是否官方唯一入口；修正：只搜到第三方技术支持域名，按镜像规则留空
